province_name,province_code,municipality_name,municipality_code,barangay_name,barangay_code
AGUSAN DEL NORTE,ADN,BUENAVISTA,1000,ABILAN,0001
AGUSAN DEL NORTE,ADN,BUENAVISTA,1000,AGONG-ONG,0002
AGUSAN DEL NORTE,ADN,BUENAVISTA,1000,ALUBIJID,0003
AGUSAN DEL NORTE,ADN,BUENAVISTA,1000,GUINABSAN,0004
AGUSAN DEL NORTE,ADN,BUENAVISTA,1000,LOWER OLAVE,0005
AGUSAN DEL NORTE,ADN,BUENAVISTA,1000,MACALANG,0006
AGUSAN DEL NORTE,ADN,BUENAVISTA,1000,MALAPONG,0007
AGUSAN DEL NORTE,ADN,BUENAVISTA,1000,MALPOC,0008
AGUSAN DEL NORTE,ADN,BUENAVISTA,1000,MANAPA,0009
AGUSAN DEL NORTE,ADN,BUENAVISTA,1000,MATABAO,0010
AGUSAN DEL NORTE,ADN,BUENAVISTA,1000,POBLACION 1,0011
AGUSAN DEL NORTE,ADN,BUENAVISTA,1000,POBLACION 2,0012
AGUSAN DEL NORTE,ADN,BUENAVISTA,1000,POBLACION 3,0013
AGUSAN DEL NORTE,ADN,BUENAVISTA,1000,POBLACION 4,0014
AGUSAN DEL NORTE,ADN,BUENAVISTA,1000,POBLACION 5,0015
AGUSAN DEL NORTE,ADN,BUENAVISTA,1000,POBLACION 6,0016
AGUSAN DEL NORTE,ADN,BUENAVISTA,1000,POBLACION 7,0017
AGUSAN DEL NORTE,ADN,BUENAVISTA,1000,POBLACION 8,0018
AGUSAN DEL NORTE,ADN,BUENAVISTA,1000,POBLACION 9,0019
AGUSAN DEL NORTE,ADN,BUENAVISTA,1000,POBLACION 10,0020
AGUSAN DEL NORTE,ADN,BUENAVISTA,1000,RIZAL,0021
AGUSAN DEL NORTE,ADN,BUENAVISTA,1000,SACOL,0022
AGUSAN DEL NORTE,ADN,BUENAVISTA,1000,SANGAY,0023
AGUSAN DEL NORTE,ADN,BUENAVISTA,1000,SIMBALAN,0024
AGUSAN DEL NORTE,ADN,BUENAVISTA,1000,TALO-AO,0025
AGUSAN DEL NORTE,ADN,BUTUAN CITY,1001,AGAO POB. (BGY. 3),0101
AGUSAN DEL NORTE,ADN,BUTUAN CITY,1001,AGUSAN PEQUEÃ‘O,0102
AGUSAN DEL NORTE,ADN,BUTUAN CITY,1001,AMBAGO,0103
AGUSAN DEL NORTE,ADN,BUTUAN CITY,1001,AMPARO,0104
AGUSAN DEL NORTE,ADN,BUTUAN CITY,1001,AMPAYON,0105
AGUSAN DEL NORTE,ADN,BUTUAN CITY,1001,ANTICALA,0106
AGUSAN DEL NORTE,ADN,BUTUAN CITY,1001,ANTONGALON,0107
AGUSAN DEL NORTE,ADN,BUTUAN CITY,1001,AUPAGAN,0108
AGUSAN DEL NORTE,ADN,BUTUAN CITY,1001,BAAN KM 3,0109
AGUSAN DEL NORTE,ADN,BUTUAN CITY,1001,BAAN RIVERSIDE POB. (BGY. 20),0110
AGUSAN DEL NORTE,ADN,BUTUAN CITY,1001,BABAG,0111
AGUSAN DEL NORTE,ADN,BUTUAN CITY,1001,BADING POB. (BGY. 22),0112
AGUSAN DEL NORTE,ADN,BUTUAN CITY,1001,BANCASI,0113
AGUSAN DEL NORTE,ADN,BUTUAN CITY,1001,BANZA,0114
AGUSAN DEL NORTE,ADN,BUTUAN CITY,1001,BAOBAOAN,0115
AGUSAN DEL NORTE,ADN,BUTUAN CITY,1001,BASAG,0116
AGUSAN DEL NORTE,ADN,BUTUAN CITY,1001,BAYANIHAN POB. (BGY. 27),0117
AGUSAN DEL NORTE,ADN,BUTUAN CITY,1001,BILAY,0118
AGUSAN DEL NORTE,ADN,BUTUAN CITY,1001,BIT-OS,0119
AGUSAN DEL NORTE,ADN,BUTUAN CITY,1001,BITAN-AGAN,0120
AGUSAN DEL NORTE,ADN,BUTUAN CITY,1001,BOBON,0121
AGUSAN DEL NORTE,ADN,BUTUAN CITY,1001,BONBON,0122
AGUSAN DEL NORTE,ADN,BUTUAN CITY,1001,BUGABUS,0123
AGUSAN DEL NORTE,ADN,BUTUAN CITY,1001,BUGSUKAN,0124
AGUSAN DEL NORTE,ADN,BUTUAN CITY,1001,BUHANGIN POB. (BGY. 19),0125
AGUSAN DEL NORTE,ADN,BUTUAN CITY,1001,CABCABON,0126
AGUSAN DEL NORTE,ADN,BUTUAN CITY,1001,CAMAYAHAN,0127
AGUSAN DEL NORTE,ADN,BUTUAN CITY,1001,DAGOHOY POB. (BGY. 7),0128
AGUSAN DEL NORTE,ADN,BUTUAN CITY,1001,DANKIAS,0129
AGUSAN DEL NORTE,ADN,BUTUAN CITY,1001,DE ORO,0130
AGUSAN DEL NORTE,ADN,BUTUAN CITY,1001,DIEGO SILANG POB. (BGY. 6),0131
AGUSAN DEL NORTE,ADN,BUTUAN CITY,1001,DON FRANCISCO,0132
AGUSAN DEL NORTE,ADN,BUTUAN CITY,1001,DOONGAN,0133
AGUSAN DEL NORTE,ADN,BUTUAN CITY,1001,DULAG,0134
AGUSAN DEL NORTE,ADN,BUTUAN CITY,1001,DUMALAGAN,0135
AGUSAN DEL NORTE,ADN,BUTUAN CITY,1001,FLORIDA,0136
AGUSAN DEL NORTE,ADN,BUTUAN CITY,1001,GOLDEN RIBBON POB. (BGY. 2),0137
AGUSAN DEL NORTE,ADN,BUTUAN CITY,1001,HOLY REDEEMER POB. (BGY. 23),0138
AGUSAN DEL NORTE,ADN,BUTUAN CITY,1001,HUMABON POB. (BGY. 11),0139
AGUSAN DEL NORTE,ADN,BUTUAN CITY,1001,IMADEJAS POB. (BGY. 24),0140
AGUSAN DEL NORTE,ADN,BUTUAN CITY,1001,JOSE RIZAL POB. (BGY. 25),0141
AGUSAN DEL NORTE,ADN,BUTUAN CITY,1001,KINAMLUTAN,0142
AGUSAN DEL NORTE,ADN,BUTUAN CITY,1001,LAPU-LAPU POB. (BGY. 8),0143
AGUSAN DEL NORTE,ADN,BUTUAN CITY,1001,LEMON,0144
AGUSAN DEL NORTE,ADN,BUTUAN CITY,1001,LEON KILAT POB. (BGY. 13),0145
AGUSAN DEL NORTE,ADN,BUTUAN CITY,1001,LIBERTAD,0146
AGUSAN DEL NORTE,ADN,BUTUAN CITY,1001,LIMAHA POB. (BGY. 14),0147
AGUSAN DEL NORTE,ADN,BUTUAN CITY,1001,LOS ANGELES,0148
AGUSAN DEL NORTE,ADN,BUTUAN CITY,1001,LUMBOCAN,0149
AGUSAN DEL NORTE,ADN,BUTUAN CITY,1001,MAGUINDA,0150
AGUSAN DEL NORTE,ADN,BUTUAN CITY,1001,MAHAY,0151
AGUSAN DEL NORTE,ADN,BUTUAN CITY,1001,MAHOGANY POB. (BGY. 21),0152
AGUSAN DEL NORTE,ADN,BUTUAN CITY,1001,MAIBU,0153
AGUSAN DEL NORTE,ADN,BUTUAN CITY,1001,MANDAMO,0154
AGUSAN DEL NORTE,ADN,BUTUAN CITY,1001,MANILA DE BUGABUS,0155
AGUSAN DEL NORTE,ADN,BUTUAN CITY,1001,MAON POB. (BGY. 1),0156
AGUSAN DEL NORTE,ADN,BUTUAN CITY,1001,MASAO,0157
AGUSAN DEL NORTE,ADN,BUTUAN CITY,1001,MAUG,0158
AGUSAN DEL NORTE,ADN,BUTUAN CITY,1001,NEW SOCIETY VILLAGE POB. (BGY. 26),0159
AGUSAN DEL NORTE,ADN,BUTUAN CITY,1001,NONG-NONG,0160
AGUSAN DEL NORTE,ADN,BUTUAN CITY,1001,OBRERO POB. (BGY. 18),0161
AGUSAN DEL NORTE,ADN,BUTUAN CITY,1001,ONG YIU POB. (BGY. 16),0162
AGUSAN DEL NORTE,ADN,BUTUAN CITY,1001,PAGATPATAN,0163
AGUSAN DEL NORTE,ADN,BUTUAN CITY,1001,PANGABUGAN,0164
AGUSAN DEL NORTE,ADN,BUTUAN CITY,1001,PIANING,0165
AGUSAN DEL NORTE,ADN,BUTUAN CITY,1001,PIGDAULAN,0166
AGUSAN DEL NORTE,ADN,BUTUAN CITY,1001,PINAMANCULAN,0167
AGUSAN DEL NORTE,ADN,BUTUAN CITY,1001,PORT POYOHON POB. (BGY. 17 - NEW ASIA),0168
AGUSAN DEL NORTE,ADN,BUTUAN CITY,1001,RAJAH SOLIMAN POB. (BGY. 4),0169
AGUSAN DEL NORTE,ADN,BUTUAN CITY,1001,SALVACION,0170
AGUSAN DEL NORTE,ADN,BUTUAN CITY,1001,SAN IGNACIO POB. (BGY. 15),0171
AGUSAN DEL NORTE,ADN,BUTUAN CITY,1001,SAN MATEO,0172
AGUSAN DEL NORTE,ADN,BUTUAN CITY,1001,SAN VICENTE,0173
AGUSAN DEL NORTE,ADN,BUTUAN CITY,1001,SANTO NIÃ‘O,0174
AGUSAN DEL NORTE,ADN,BUTUAN CITY,1001,SIKATUNA POB. (BGY. 10),0175
AGUSAN DEL NORTE,ADN,BUTUAN CITY,1001,SILONGAN POB. (BGY. 5),0176
AGUSAN DEL NORTE,ADN,BUTUAN CITY,1001,SUMILE,0177
AGUSAN DEL NORTE,ADN,BUTUAN CITY,1001,SUMILIHON,0178
AGUSAN DEL NORTE,ADN,BUTUAN CITY,1001,TAGABACA,0179
AGUSAN DEL NORTE,ADN,BUTUAN CITY,1001,TAGUIBO,0180
AGUSAN DEL NORTE,ADN,BUTUAN CITY,1001,TALIGAMAN,0181
AGUSAN DEL NORTE,ADN,BUTUAN CITY,1001,TANDANG SORA POB. (BGY. 12),0182
AGUSAN DEL NORTE,ADN,BUTUAN CITY,1001,TINIWISAN,0183
AGUSAN DEL NORTE,ADN,BUTUAN CITY,1001,TUNGAO,0184
AGUSAN DEL NORTE,ADN,BUTUAN CITY,1001,URDUJA POB. (BGY. 9),0185
AGUSAN DEL NORTE,ADN,BUTUAN CITY,1001,VILLA KANANGA,0186
AGUSAN DEL NORTE,ADN,CABADBARAN CITY,1002,ANTONIO LUNA,0201
AGUSAN DEL NORTE,ADN,CABADBARAN CITY,1002,BAY-ANG,0202
AGUSAN DEL NORTE,ADN,CABADBARAN CITY,1002,BAYABAS,0203
AGUSAN DEL NORTE,ADN,CABADBARAN CITY,1002,CAASINAN,0204
AGUSAN DEL NORTE,ADN,CABADBARAN CITY,1002,CABINET,0205
AGUSAN DEL NORTE,ADN,CABADBARAN CITY,1002,CALAMBA,0206
AGUSAN DEL NORTE,ADN,CABADBARAN CITY,1002,CALIBUNAN,0207
AGUSAN DEL NORTE,ADN,CABADBARAN CITY,1002,COMAGASCAS,0208
AGUSAN DEL NORTE,ADN,CABADBARAN CITY,1002,CONCEPCION,0209
AGUSAN DEL NORTE,ADN,CABADBARAN CITY,1002,DEL PILAR,0210
AGUSAN DEL NORTE,ADN,CABADBARAN CITY,1002,KATUGASAN,0211
AGUSAN DEL NORTE,ADN,CABADBARAN CITY,1002,KAUSWAGAN,0212
AGUSAN DEL NORTE,ADN,CABADBARAN CITY,1002,LA UNION,0213
AGUSAN DEL NORTE,ADN,CABADBARAN CITY,1002,MABINI,0214
AGUSAN DEL NORTE,ADN,CABADBARAN CITY,1002,MAHABA,0215
AGUSAN DEL NORTE,ADN,CABADBARAN CITY,1002,POBLACION 1,0216
AGUSAN DEL NORTE,ADN,CABADBARAN CITY,1002,POBLACION 2,0217
AGUSAN DEL NORTE,ADN,CABADBARAN CITY,1002,POBLACION 3,0218
AGUSAN DEL NORTE,ADN,CABADBARAN CITY,1002,POBLACION 4,0219
AGUSAN DEL NORTE,ADN,CABADBARAN CITY,1002,POBLACION 5,0220
AGUSAN DEL NORTE,ADN,CABADBARAN CITY,1002,POBLACION 6,0221
AGUSAN DEL NORTE,ADN,CABADBARAN CITY,1002,POBLACION 7,0222
AGUSAN DEL NORTE,ADN,CABADBARAN CITY,1002,POBLACION 8,0223
AGUSAN DEL NORTE,ADN,CABADBARAN CITY,1002,POBLACION 9,0224
AGUSAN DEL NORTE,ADN,CABADBARAN CITY,1002,POBLACION 10,0225
AGUSAN DEL NORTE,ADN,CABADBARAN CITY,1002,POBLACION 11,0226
AGUSAN DEL NORTE,ADN,CABADBARAN CITY,1002,POBLACION 12,0227
AGUSAN DEL NORTE,ADN,CABADBARAN CITY,1002,PUTING BATO,0228
AGUSAN DEL NORTE,ADN,CABADBARAN CITY,1002,SANGHAN,0229
AGUSAN DEL NORTE,ADN,CABADBARAN CITY,1002,SORIANO,0230
AGUSAN DEL NORTE,ADN,CABADBARAN CITY,1002,TOLOSA,0231
AGUSAN DEL NORTE,ADN,CARMEN,1003,CAHAYAGAN,0301
AGUSAN DEL NORTE,ADN,CARMEN,1003,GOSOON,0302
AGUSAN DEL NORTE,ADN,CARMEN,1003,MANOLIGAO,0303
AGUSAN DEL NORTE,ADN,CARMEN,1003,POBLACION (CARMEN),0304
AGUSAN DEL NORTE,ADN,CARMEN,1003,ROJALES,0305
AGUSAN DEL NORTE,ADN,CARMEN,1003,SAN AGUSTIN,0306
AGUSAN DEL NORTE,ADN,CARMEN,1003,TAGCATONG,0307
AGUSAN DEL NORTE,ADN,CARMEN,1003,VINAPOR,0308
AGUSAN DEL NORTE,ADN,JABONGA,1004,A. BELTRAN (CAMALIG),0401
AGUSAN DEL NORTE,ADN,JABONGA,1004,BALEGUIAN,0402
AGUSAN DEL NORTE,ADN,JABONGA,1004,BANGONAY,0403
AGUSAN DEL NORTE,ADN,JABONGA,1004,BUNGA,0404
AGUSAN DEL NORTE,ADN,JABONGA,1004,COLORADO,0405
AGUSAN DEL NORTE,ADN,JABONGA,1004,CUYAGO,0406
AGUSAN DEL NORTE,ADN,JABONGA,1004,LIBAS,0407
AGUSAN DEL NORTE,ADN,JABONGA,1004,MAGDAGOOC,0408
AGUSAN DEL NORTE,ADN,JABONGA,1004,MAGSAYSAY,0409
AGUSAN DEL NORTE,ADN,JABONGA,1004,MARAIGING,0410
AGUSAN DEL NORTE,ADN,JABONGA,1004,POBLACION (JABONGA),0411
AGUSAN DEL NORTE,ADN,JABONGA,1004,SAN JOSE,0412
AGUSAN DEL NORTE,ADN,JABONGA,1004,SAN PABLO,0413
AGUSAN DEL NORTE,ADN,JABONGA,1004,SAN VICENTE,0414
AGUSAN DEL NORTE,ADN,JABONGA,1004,SANTO NIÃ‘O,0415
AGUSAN DEL NORTE,ADN,KITCHARAO,1005,BANGAYAN,0501
AGUSAN DEL NORTE,ADN,KITCHARAO,1005,CANAWAY,0502
AGUSAN DEL NORTE,ADN,KITCHARAO,1005,CROSSING,0503
AGUSAN DEL NORTE,ADN,KITCHARAO,1005,HINIMBANGAN,0504
AGUSAN DEL NORTE,ADN,KITCHARAO,1005,JALIOBONG,0505
AGUSAN DEL NORTE,ADN,KITCHARAO,1005,MAHAYAHAY,0506
AGUSAN DEL NORTE,ADN,KITCHARAO,1005,POBLACION,0507
AGUSAN DEL NORTE,ADN,KITCHARAO,1005,SAN ISIDRO,0508
AGUSAN DEL NORTE,ADN,KITCHARAO,1005,SAN ROQUE,0509
AGUSAN DEL NORTE,ADN,KITCHARAO,1005,SANGAY,0510
AGUSAN DEL NORTE,ADN,KITCHARAO,1005,SONGKOY,0511
AGUSAN DEL NORTE,ADN,LAS NIEVES,1006,AMBACON,0601
AGUSAN DEL NORTE,ADN,LAS NIEVES,1006,BALUNGAGAN,0602
AGUSAN DEL NORTE,ADN,LAS NIEVES,1006,BONIFACIO,0603
AGUSAN DEL NORTE,ADN,LAS NIEVES,1006,CASIKLAN,0604
AGUSAN DEL NORTE,ADN,LAS NIEVES,1006,CONSORCIA,0605
AGUSAN DEL NORTE,ADN,LAS NIEVES,1006,DURIAN,0606
AGUSAN DEL NORTE,ADN,LAS NIEVES,1006,EDUARDO G. MONTILLA (CAMBOAYON),0607
AGUSAN DEL NORTE,ADN,LAS NIEVES,1006,IBUAN,0608
AGUSAN DEL NORTE,ADN,LAS NIEVES,1006,KATIPUNAN,0609
AGUSAN DEL NORTE,ADN,LAS NIEVES,1006,LINGAYAO,0610
AGUSAN DEL NORTE,ADN,LAS NIEVES,1006,MALICATO,0611
AGUSAN DEL NORTE,ADN,LAS NIEVES,1006,MANINGALAO,0612
AGUSAN DEL NORTE,ADN,LAS NIEVES,1006,MARCOS CALO,0613
AGUSAN DEL NORTE,ADN,LAS NIEVES,1006,MAT-I,0614
AGUSAN DEL NORTE,ADN,LAS NIEVES,1006,PINANA-AN,0615
AGUSAN DEL NORTE,ADN,LAS NIEVES,1006,POBLACION,0616
AGUSAN DEL NORTE,ADN,LAS NIEVES,1006,ROSARIO,0617
AGUSAN DEL NORTE,ADN,LAS NIEVES,1006,SAN ISIDRO,0618
AGUSAN DEL NORTE,ADN,LAS NIEVES,1006,SAN ROQUE,0619
AGUSAN DEL NORTE,ADN,LAS NIEVES,1006,TINUCORAN,0620
AGUSAN DEL NORTE,ADN,MAGALLANES,1007,BUHANG,0701
AGUSAN DEL NORTE,ADN,MAGALLANES,1007,CALOC-AN,0702
AGUSAN DEL NORTE,ADN,MAGALLANES,1007,GUIASAN,0703
AGUSAN DEL NORTE,ADN,MAGALLANES,1007,MARCOS,0704
AGUSAN DEL NORTE,ADN,MAGALLANES,1007,POBLACION,0705
AGUSAN DEL NORTE,ADN,MAGALLANES,1007,SANTO NIÃ‘O,0706
AGUSAN DEL NORTE,ADN,MAGALLANES,1007,SANTO ROSARIO,0707
AGUSAN DEL NORTE,ADN,MAGALLANES,1007,TAOD-OY,0708
AGUSAN DEL NORTE,ADN,NASIPIT,1008,ACLAN,0801
AGUSAN DEL NORTE,ADN,NASIPIT,1008,AMONTAY,0802
AGUSAN DEL NORTE,ADN,NASIPIT,1008,ATA-ATAHON,0803
AGUSAN DEL NORTE,ADN,NASIPIT,1008,BARANGAY 1 (POB.),0804
AGUSAN DEL NORTE,ADN,NASIPIT,1008,BARANGAY 2 (POB.),0805
AGUSAN DEL NORTE,ADN,NASIPIT,1008,BARANGAY 3 (POB.),0806
AGUSAN DEL NORTE,ADN,NASIPIT,1008,BARANGAY 4 (POB.),0807
AGUSAN DEL NORTE,ADN,NASIPIT,1008,BARANGAY 5 (POB.),0808
AGUSAN DEL NORTE,ADN,NASIPIT,1008,BARANGAY 6 (POB.),0809
AGUSAN DEL NORTE,ADN,NASIPIT,1008,BARANGAY 7 (POB.),0810
AGUSAN DEL NORTE,ADN,NASIPIT,1008,CAMAGONG,0811
AGUSAN DEL NORTE,ADN,NASIPIT,1008,CUBI-CUBI,0812
AGUSAN DEL NORTE,ADN,NASIPIT,1008,CULIT,0813
AGUSAN DEL NORTE,ADN,NASIPIT,1008,JAGUIMITAN,0814
AGUSAN DEL NORTE,ADN,NASIPIT,1008,KINABJANGAN,0815
AGUSAN DEL NORTE,ADN,NASIPIT,1008,PUNTA,0816
AGUSAN DEL NORTE,ADN,NASIPIT,1008,SANTA ANA,0817
AGUSAN DEL NORTE,ADN,NASIPIT,1008,TALISAY,0818
AGUSAN DEL NORTE,ADN,NASIPIT,1008,TRIANGULO,0819
AGUSAN DEL NORTE,ADN,REMEDIOS T. ROMUALDEZ,1009,BALANGBALANG,0901
AGUSAN DEL NORTE,ADN,REMEDIOS T. ROMUALDEZ,1009,BASILISA,0902
AGUSAN DEL NORTE,ADN,REMEDIOS T. ROMUALDEZ,1009,HUMILOG,0903
AGUSAN DEL NORTE,ADN,REMEDIOS T. ROMUALDEZ,1009,PANAYTAYON,0904
AGUSAN DEL NORTE,ADN,REMEDIOS T. ROMUALDEZ,1009,POBLACION I (AGAY),0905
AGUSAN DEL NORTE,ADN,REMEDIOS T. ROMUALDEZ,1009,POBLACION II,0906
AGUSAN DEL NORTE,ADN,REMEDIOS T. ROMUALDEZ,1009,SAN ANTONIO,0907
AGUSAN DEL NORTE,ADN,REMEDIOS T. ROMUALDEZ,1009,TAGBONGABONG,0908
AGUSAN DEL NORTE,ADN,SANTIAGO,1010,CURVA,1001
AGUSAN DEL NORTE,ADN,SANTIAGO,1010,ESTANISLAO MORGADO,1002
AGUSAN DEL NORTE,ADN,SANTIAGO,1010,JAGUPIT,1003
AGUSAN DEL NORTE,ADN,SANTIAGO,1010,LA PAZ,1004
AGUSAN DEL NORTE,ADN,SANTIAGO,1010,PANGAYLAN-IP,1005
AGUSAN DEL NORTE,ADN,SANTIAGO,1010,POBLACION I,1006
AGUSAN DEL NORTE,ADN,SANTIAGO,1010,POBLACION II,1007
AGUSAN DEL NORTE,ADN,SANTIAGO,1010,SAN ISIDRO,1008
AGUSAN DEL NORTE,ADN,SANTIAGO,1010,TAGBUYACAN,1009
AGUSAN DEL NORTE,ADN,TUBAY,1011,BINUANGAN,1101
AGUSAN DEL NORTE,ADN,TUBAY,1011,CABAYAWA,1102
AGUSAN DEL NORTE,ADN,TUBAY,1011,DOÃ‘A ROSARIO,1103
AGUSAN DEL NORTE,ADN,TUBAY,1011,DOÃ‘A TELESFORA,1104
AGUSAN DEL NORTE,ADN,TUBAY,1011,LA FRATERNIDAD,1105
AGUSAN DEL NORTE,ADN,TUBAY,1011,LAWIGAN,1106
AGUSAN DEL NORTE,ADN,TUBAY,1011,POBLACION 1,1107
AGUSAN DEL NORTE,ADN,TUBAY,1011,POBLACION 2,1108
AGUSAN DEL NORTE,ADN,TUBAY,1011,SANTA ANA,1109
AGUSAN DEL NORTE,ADN,TUBAY,1011,TAGMAMARKAY,1110
AGUSAN DEL NORTE,ADN,TUBAY,1011,TAGPANGAHOY,1111
AGUSAN DEL NORTE,ADN,TUBAY,1011,TINIGBASAN,1112
AGUSAN DEL NORTE,ADN,TUBAY,1011,VICTORY,1113
AGUSAN DEL SUR,ADS,BAYUGAN CITY,1012,BERSEBA,1201
AGUSAN DEL SUR,ADS,BAYUGAN CITY,1012,BUCAC,1202
AGUSAN DEL SUR,ADS,BAYUGAN CITY,1012,CAGBAS,1203
AGUSAN DEL SUR,ADS,BAYUGAN CITY,1012,CALAITAN,1204
AGUSAN DEL SUR,ADS,BAYUGAN CITY,1012,CANAYUGAN,1205
AGUSAN DEL SUR,ADS,BAYUGAN CITY,1012,CHARITO,1206
AGUSAN DEL SUR,ADS,BAYUGAN CITY,1012,CLARO CORTEZ,1207
AGUSAN DEL SUR,ADS,BAYUGAN CITY,1012,FILI,1208
AGUSAN DEL SUR,ADS,BAYUGAN CITY,1012,GAMAO,1209
AGUSAN DEL SUR,ADS,BAYUGAN CITY,1012,GETSEMANE,1210
AGUSAN DEL SUR,ADS,BAYUGAN CITY,1012,GRACE ESTATE,1211
AGUSAN DEL SUR,ADS,BAYUGAN CITY,1012,HAMOGAWAY,1212
AGUSAN DEL SUR,ADS,BAYUGAN CITY,1012,KATIPUNAN,1213
AGUSAN DEL SUR,ADS,BAYUGAN CITY,1012,MABUHAY,1214
AGUSAN DEL SUR,ADS,BAYUGAN CITY,1012,MAGKIANGKANG,1215
AGUSAN DEL SUR,ADS,BAYUGAN CITY,1012,MAHAYAG,1216
AGUSAN DEL SUR,ADS,BAYUGAN CITY,1012,MARCELINA,1217
AGUSAN DEL SUR,ADS,BAYUGAN CITY,1012,MAYGATASAN,1218
AGUSAN DEL SUR,ADS,BAYUGAN CITY,1012,MONTIVESTA,1219
AGUSAN DEL SUR,ADS,BAYUGAN CITY,1012,MT. ARARAT,1220
AGUSAN DEL SUR,ADS,BAYUGAN CITY,1012,MT. CARMEL,1221
AGUSAN DEL SUR,ADS,BAYUGAN CITY,1012,MT. OLIVE,1222
AGUSAN DEL SUR,ADS,BAYUGAN CITY,1012,NEW SALEM,1223
AGUSAN DEL SUR,ADS,BAYUGAN CITY,1012,NOLI,1224
AGUSAN DEL SUR,ADS,BAYUGAN CITY,1012,OSMEÃ‘A,1225
AGUSAN DEL SUR,ADS,BAYUGAN CITY,1012,PANAYTAY,1226
AGUSAN DEL SUR,ADS,BAYUGAN CITY,1012,PINAGALAAN,1227
AGUSAN DEL SUR,ADS,BAYUGAN CITY,1012,POBLACION,1228
AGUSAN DEL SUR,ADS,BAYUGAN CITY,1012,SAGMONE,1229
AGUSAN DEL SUR,ADS,BAYUGAN CITY,1012,SAGUMA,1230
AGUSAN DEL SUR,ADS,BAYUGAN CITY,1012,SALVACION,1231
AGUSAN DEL SUR,ADS,BAYUGAN CITY,1012,SAN AGUSTIN,1232
AGUSAN DEL SUR,ADS,BAYUGAN CITY,1012,SAN ISIDRO,1233
AGUSAN DEL SUR,ADS,BAYUGAN CITY,1012,SAN JUAN,1234
AGUSAN DEL SUR,ADS,BAYUGAN CITY,1012,SANTA IRENE,1235
AGUSAN DEL SUR,ADS,BAYUGAN CITY,1012,SANTA TERESITA,1236
AGUSAN DEL SUR,ADS,BAYUGAN CITY,1012,SANTO NIÃ‘O,1237
AGUSAN DEL SUR,ADS,BAYUGAN CITY,1012,TAGLATAWAN,1238
AGUSAN DEL SUR,ADS,BAYUGAN CITY,1012,TAGLIBAS,1239
AGUSAN DEL SUR,ADS,BAYUGAN CITY,1012,TAGUBAY,1240
AGUSAN DEL SUR,ADS,BAYUGAN CITY,1012,VERDU,1241
AGUSAN DEL SUR,ADS,BAYUGAN CITY,1012,VILLA UNDAYON,1242
AGUSAN DEL SUR,ADS,BAYUGAN CITY,1012,WAWA,1243
AGUSAN DEL SUR,ADS,BUNAWAN,1013,BUNAWAN BROOK,1301
AGUSAN DEL SUR,ADS,BUNAWAN,1013,CONSUELO,1302
AGUSAN DEL SUR,ADS,BUNAWAN,1013,IMELDA,1303
AGUSAN DEL SUR,ADS,BUNAWAN,1013,LIBERTAD,1304
AGUSAN DEL SUR,ADS,BUNAWAN,1013,MAMBALILI,1305
AGUSAN DEL SUR,ADS,BUNAWAN,1013,NUEVA ERA,1306
AGUSAN DEL SUR,ADS,BUNAWAN,1013,POBLACION,1307
AGUSAN DEL SUR,ADS,BUNAWAN,1013,SAN ANDRES,1308
AGUSAN DEL SUR,ADS,BUNAWAN,1013,SAN MARCOS,1309
AGUSAN DEL SUR,ADS,BUNAWAN,1013,SAN TEODORO,1310
AGUSAN DEL SUR,ADS,ESPERANZA,1014,AGSABU,1401
AGUSAN DEL SUR,ADS,ESPERANZA,1014,AGUINALDO,1402
AGUSAN DEL SUR,ADS,ESPERANZA,1014,ANOLINGAN,1403
AGUSAN DEL SUR,ADS,ESPERANZA,1014,BAKINGKING,1404
AGUSAN DEL SUR,ADS,ESPERANZA,1014,BALUBO,1405
AGUSAN DEL SUR,ADS,ESPERANZA,1014,BENTAHON,1406
AGUSAN DEL SUR,ADS,ESPERANZA,1014,BUNAGUIT,1407
AGUSAN DEL SUR,ADS,ESPERANZA,1014,CATMONON,1408
AGUSAN DEL SUR,ADS,ESPERANZA,1014,CEBULAN,1409
AGUSAN DEL SUR,ADS,ESPERANZA,1014,CONCORDIA,1410
AGUSAN DEL SUR,ADS,ESPERANZA,1014,CROSSING LUNA,1411
AGUSAN DEL SUR,ADS,ESPERANZA,1014,CUBO,1412
AGUSAN DEL SUR,ADS,ESPERANZA,1014,DAKUTAN,1413
AGUSAN DEL SUR,ADS,ESPERANZA,1014,DUANGAN,1414
AGUSAN DEL SUR,ADS,ESPERANZA,1014,GUADALUPE,1415
AGUSAN DEL SUR,ADS,ESPERANZA,1014,GUIBONON,1416
AGUSAN DEL SUR,ADS,ESPERANZA,1014,HAWILIAN,1417
AGUSAN DEL SUR,ADS,ESPERANZA,1014,KALABUAN,1418
AGUSAN DEL SUR,ADS,ESPERANZA,1014,KINAMAYBAY,1419
AGUSAN DEL SUR,ADS,ESPERANZA,1014,LABAO,1420
AGUSAN DEL SUR,ADS,ESPERANZA,1014,LANGAG,1421
AGUSAN DEL SUR,ADS,ESPERANZA,1014,MAASIN,1422
AGUSAN DEL SUR,ADS,ESPERANZA,1014,MAC-ARTHUR,1423
AGUSAN DEL SUR,ADS,ESPERANZA,1014,MAHAGCOT,1424
AGUSAN DEL SUR,ADS,ESPERANZA,1014,MALIWANAG,1425
AGUSAN DEL SUR,ADS,ESPERANZA,1014,MILAGROS,1426
AGUSAN DEL SUR,ADS,ESPERANZA,1014,NATO,1427
AGUSAN DEL SUR,ADS,ESPERANZA,1014,NEW GINGOOG,1428
AGUSAN DEL SUR,ADS,ESPERANZA,1014,ODIONG,1429
AGUSAN DEL SUR,ADS,ESPERANZA,1014,ORO,1430
AGUSAN DEL SUR,ADS,ESPERANZA,1014,PIGLAWIGAN,1431
AGUSAN DEL SUR,ADS,ESPERANZA,1014,POBLACION,1432
AGUSAN DEL SUR,ADS,ESPERANZA,1014,REMEDIOS,1433
AGUSAN DEL SUR,ADS,ESPERANZA,1014,SALUG,1434
AGUSAN DEL SUR,ADS,ESPERANZA,1014,SAN ISIDRO,1435
AGUSAN DEL SUR,ADS,ESPERANZA,1014,SAN JOSE,1436
AGUSAN DEL SUR,ADS,ESPERANZA,1014,SAN TORIBIO,1437
AGUSAN DEL SUR,ADS,ESPERANZA,1014,SAN VICENTE,1438
AGUSAN DEL SUR,ADS,ESPERANZA,1014,SANTA FE,1439
AGUSAN DEL SUR,ADS,ESPERANZA,1014,SEGUNDA,1440
AGUSAN DEL SUR,ADS,ESPERANZA,1014,SINAKUNGAN,1441
AGUSAN DEL SUR,ADS,ESPERANZA,1014,TAGABASE,1442
AGUSAN DEL SUR,ADS,ESPERANZA,1014,TAGANAHAW,1443
AGUSAN DEL SUR,ADS,ESPERANZA,1014,TAGBALILI,1444
AGUSAN DEL SUR,ADS,ESPERANZA,1014,TAHINA,1445
AGUSAN DEL SUR,ADS,ESPERANZA,1014,TANDANG SORA,1446
AGUSAN DEL SUR,ADS,ESPERANZA,1014,VALENTINA,1447
AGUSAN DEL SUR,ADS,LA PAZ,1015,ANGELES,1501
AGUSAN DEL SUR,ADS,LA PAZ,1015,BATAAN,1502
AGUSAN DEL SUR,ADS,LA PAZ,1015,COMOTA,1503
AGUSAN DEL SUR,ADS,LA PAZ,1015,HALAPITAN,1504
AGUSAN DEL SUR,ADS,LA PAZ,1015,KASAPA II,1505
AGUSAN DEL SUR,ADS,LA PAZ,1015,LANGASIAN,1506
AGUSAN DEL SUR,ADS,LA PAZ,1015,LYDIA,1507
AGUSAN DEL SUR,ADS,LA PAZ,1015,"OSMEÃ‘A, SR.",1508
AGUSAN DEL SUR,ADS,LA PAZ,1015,PANAGANGAN,1509
AGUSAN DEL SUR,ADS,LA PAZ,1015,POBLACION,1510
AGUSAN DEL SUR,ADS,LA PAZ,1015,SABANG ADGAWAN,1511
AGUSAN DEL SUR,ADS,LA PAZ,1015,SAGUNTO,1512
AGUSAN DEL SUR,ADS,LA PAZ,1015,SAN PATRICIO,1513
AGUSAN DEL SUR,ADS,LA PAZ,1015,VALENTINA,1514
AGUSAN DEL SUR,ADS,LA PAZ,1015,VILLA PAZ,1515
AGUSAN DEL SUR,ADS,LORETO,1016,BINUCAYAN,1601
AGUSAN DEL SUR,ADS,LORETO,1016,JOHNSON,1602
AGUSAN DEL SUR,ADS,LORETO,1016,KASAPA,1603
AGUSAN DEL SUR,ADS,LORETO,1016,KATIPUNAN,1604
AGUSAN DEL SUR,ADS,LORETO,1016,KAUSWAGAN,1605
AGUSAN DEL SUR,ADS,LORETO,1016,MAGAUD,1606
AGUSAN DEL SUR,ADS,LORETO,1016,NUEVA GRACIA,1607
AGUSAN DEL SUR,ADS,LORETO,1016,POBLACION,1608
AGUSAN DEL SUR,ADS,LORETO,1016,SABUD,1609
AGUSAN DEL SUR,ADS,LORETO,1016,SAN ISIDRO,1610
AGUSAN DEL SUR,ADS,LORETO,1016,SAN MARIANO,1611
AGUSAN DEL SUR,ADS,LORETO,1016,SAN VICENTE,1612
AGUSAN DEL SUR,ADS,LORETO,1016,SANTA TERESA,1613
AGUSAN DEL SUR,ADS,LORETO,1016,SANTO NIÃ‘O,1614
AGUSAN DEL SUR,ADS,LORETO,1016,SANTO TOMAS,1615
AGUSAN DEL SUR,ADS,LORETO,1016,VIOLANTA,1616
AGUSAN DEL SUR,ADS,LORETO,1016,WALOE,1617
AGUSAN DEL SUR,ADS,PROSPERIDAD,1017,AURORA,1701
AGUSAN DEL SUR,ADS,PROSPERIDAD,1017,AWA,1702
AGUSAN DEL SUR,ADS,PROSPERIDAD,1017,AZPETIA,1703
AGUSAN DEL SUR,ADS,PROSPERIDAD,1017,LA CARIDAD,1704
AGUSAN DEL SUR,ADS,PROSPERIDAD,1017,LA PERIAN,1705
AGUSAN DEL SUR,ADS,PROSPERIDAD,1017,LA PURISIMA,1706
AGUSAN DEL SUR,ADS,PROSPERIDAD,1017,LA SUERTE,1707
AGUSAN DEL SUR,ADS,PROSPERIDAD,1017,LA UNION,1708
AGUSAN DEL SUR,ADS,PROSPERIDAD,1017,LAS NAVAS,1709
AGUSAN DEL SUR,ADS,PROSPERIDAD,1017,LIBERTAD,1710
AGUSAN DEL SUR,ADS,PROSPERIDAD,1017,LOS ARCOS,1711
AGUSAN DEL SUR,ADS,PROSPERIDAD,1017,LUCENA,1712
AGUSAN DEL SUR,ADS,PROSPERIDAD,1017,MABUHAY,1713
AGUSAN DEL SUR,ADS,PROSPERIDAD,1017,MAGSAYSAY,1714
AGUSAN DEL SUR,ADS,PROSPERIDAD,1017,MAPAGA,1715
AGUSAN DEL SUR,ADS,PROSPERIDAD,1017,NAPO,1716
AGUSAN DEL SUR,ADS,PROSPERIDAD,1017,NEW MAUG,1717
AGUSAN DEL SUR,ADS,PROSPERIDAD,1017,PATIN-AY,1718
AGUSAN DEL SUR,ADS,PROSPERIDAD,1017,POBLACION (BAHBAH),1719
AGUSAN DEL SUR,ADS,PROSPERIDAD,1017,SALIMBOGAON,1720
AGUSAN DEL SUR,ADS,PROSPERIDAD,1017,SALVACION,1721
AGUSAN DEL SUR,ADS,PROSPERIDAD,1017,SAN JOAQUIN,1722
AGUSAN DEL SUR,ADS,PROSPERIDAD,1017,SAN JOSE,1723
AGUSAN DEL SUR,ADS,PROSPERIDAD,1017,SAN LORENZO,1724
AGUSAN DEL SUR,ADS,PROSPERIDAD,1017,SAN MARTIN,1725
AGUSAN DEL SUR,ADS,PROSPERIDAD,1017,SAN PEDRO,1726
AGUSAN DEL SUR,ADS,PROSPERIDAD,1017,SAN RAFAEL,1727
AGUSAN DEL SUR,ADS,PROSPERIDAD,1017,SAN ROQUE,1728
AGUSAN DEL SUR,ADS,PROSPERIDAD,1017,SAN SALVADOR,1729
AGUSAN DEL SUR,ADS,PROSPERIDAD,1017,SAN VICENTE,1730
AGUSAN DEL SUR,ADS,PROSPERIDAD,1017,SANTA IRENE,1731
AGUSAN DEL SUR,ADS,PROSPERIDAD,1017,SANTA MARIA,1732
AGUSAN DEL SUR,ADS,ROSARIO,1018,BAYUGAN 3,1801
AGUSAN DEL SUR,ADS,ROSARIO,1018,CABANTAO,1802
AGUSAN DEL SUR,ADS,ROSARIO,1018,CABAWAN,1803
AGUSAN DEL SUR,ADS,ROSARIO,1018,LIBUAC,1804
AGUSAN DEL SUR,ADS,ROSARIO,1018,MALIGAYA,1805
AGUSAN DEL SUR,ADS,ROSARIO,1018,MARFIL,1806
AGUSAN DEL SUR,ADS,ROSARIO,1018,NOVELE,1807
AGUSAN DEL SUR,ADS,ROSARIO,1018,POBLACION,1808
AGUSAN DEL SUR,ADS,ROSARIO,1018,SANTA CRUZ,1809
AGUSAN DEL SUR,ADS,ROSARIO,1018,TAGBAYAGAN,1810
AGUSAN DEL SUR,ADS,ROSARIO,1018,WASI-AN,1811
AGUSAN DEL SUR,ADS,SAN FRANCISCO,1019,ALEGRIA,1901
AGUSAN DEL SUR,ADS,SAN FRANCISCO,1019,BARANGAY 1 (POB.),1902
AGUSAN DEL SUR,ADS,SAN FRANCISCO,1019,BARANGAY 2 (POB.),1903
AGUSAN DEL SUR,ADS,SAN FRANCISCO,1019,BARANGAY 3 (POB.),1904
AGUSAN DEL SUR,ADS,SAN FRANCISCO,1019,BARANGAY 4 (POB.),1905
AGUSAN DEL SUR,ADS,SAN FRANCISCO,1019,BARANGAY 5 (POB.),1906
AGUSAN DEL SUR,ADS,SAN FRANCISCO,1019,BAYUGAN 2,1907
AGUSAN DEL SUR,ADS,SAN FRANCISCO,1019,BITAN-AGAN,1908
AGUSAN DEL SUR,ADS,SAN FRANCISCO,1019,BORBON,1909
AGUSAN DEL SUR,ADS,SAN FRANCISCO,1019,BUENASUERTE,1910
AGUSAN DEL SUR,ADS,SAN FRANCISCO,1019,CAIMPUGAN,1911
AGUSAN DEL SUR,ADS,SAN FRANCISCO,1019,DAS-AGAN,1912
AGUSAN DEL SUR,ADS,SAN FRANCISCO,1019,EBRO,1913
AGUSAN DEL SUR,ADS,SAN FRANCISCO,1019,HUBANG,1914
AGUSAN DEL SUR,ADS,SAN FRANCISCO,1019,KARAUS,1915
AGUSAN DEL SUR,ADS,SAN FRANCISCO,1019,LADGADAN,1916
AGUSAN DEL SUR,ADS,SAN FRANCISCO,1019,LAPINIGAN,1917
AGUSAN DEL SUR,ADS,SAN FRANCISCO,1019,LUCAC,1918
AGUSAN DEL SUR,ADS,SAN FRANCISCO,1019,MATE,1919
AGUSAN DEL SUR,ADS,SAN FRANCISCO,1019,NEW VISAYAS,1920
AGUSAN DEL SUR,ADS,SAN FRANCISCO,1019,ORMACA,1921
AGUSAN DEL SUR,ADS,SAN FRANCISCO,1019,PASTA,1922
AGUSAN DEL SUR,ADS,SAN FRANCISCO,1019,PISA-AN,1923
AGUSAN DEL SUR,ADS,SAN FRANCISCO,1019,RIZAL,1924
AGUSAN DEL SUR,ADS,SAN FRANCISCO,1019,SAN ISIDRO,1925
AGUSAN DEL SUR,ADS,SAN FRANCISCO,1019,SANTA ANA,1926
AGUSAN DEL SUR,ADS,SAN FRANCISCO,1019,TAGAPUA,1927
AGUSAN DEL SUR,ADS,SAN LUIS,1020,ANISLAGAN,2001
AGUSAN DEL SUR,ADS,SAN LUIS,1020,BALIT,2002
AGUSAN DEL SUR,ADS,SAN LUIS,1020,BAYLO,2003
AGUSAN DEL SUR,ADS,SAN LUIS,1020,BINICALAN,2004
AGUSAN DEL SUR,ADS,SAN LUIS,1020,CECILIA,2005
AGUSAN DEL SUR,ADS,SAN LUIS,1020,COALICION,2006
AGUSAN DEL SUR,ADS,SAN LUIS,1020,CULI,2007
AGUSAN DEL SUR,ADS,SAN LUIS,1020,DIMASALANG,2008
AGUSAN DEL SUR,ADS,SAN LUIS,1020,DON ALEJANDRO,2009
AGUSAN DEL SUR,ADS,SAN LUIS,1020,DON PEDRO,2010
AGUSAN DEL SUR,ADS,SAN LUIS,1020,DOÃ‘A FLAVIA,2011
AGUSAN DEL SUR,ADS,SAN LUIS,1020,DOÃ‘A MAXIMA,2012
AGUSAN DEL SUR,ADS,SAN LUIS,1020,MAHAGSAY,2013
AGUSAN DEL SUR,ADS,SAN LUIS,1020,MAHAPAG,2014
AGUSAN DEL SUR,ADS,SAN LUIS,1020,MAHAYAHAY,2015
AGUSAN DEL SUR,ADS,SAN LUIS,1020,MURITULA,2016
AGUSAN DEL SUR,ADS,SAN LUIS,1020,NUEVO TRABAJO,2017
AGUSAN DEL SUR,ADS,SAN LUIS,1020,POBLACION,2018
AGUSAN DEL SUR,ADS,SAN LUIS,1020,POLICARPO,2019
AGUSAN DEL SUR,ADS,SAN LUIS,1020,SAN ISIDRO,2020
AGUSAN DEL SUR,ADS,SAN LUIS,1020,SAN PEDRO,2021
AGUSAN DEL SUR,ADS,SAN LUIS,1020,SANTA INES,2022
AGUSAN DEL SUR,ADS,SAN LUIS,1020,SANTA RITA,2023
AGUSAN DEL SUR,ADS,SAN LUIS,1020,SANTIAGO,2024
AGUSAN DEL SUR,ADS,SAN LUIS,1020,WEGGUAM,2025
AGUSAN DEL SUR,ADS,SANTA JOSEFA,1021,ANGAS,2101
AGUSAN DEL SUR,ADS,SANTA JOSEFA,1021,AURORA,2102
AGUSAN DEL SUR,ADS,SANTA JOSEFA,1021,AWAO,2103
AGUSAN DEL SUR,ADS,SANTA JOSEFA,1021,CONCEPCION,2104
AGUSAN DEL SUR,ADS,SANTA JOSEFA,1021,PAG-ASA,2105
AGUSAN DEL SUR,ADS,SANTA JOSEFA,1021,PATROCINIO,2106
AGUSAN DEL SUR,ADS,SANTA JOSEFA,1021,POBLACION,2107
AGUSAN DEL SUR,ADS,SANTA JOSEFA,1021,SAN JOSE,2108
AGUSAN DEL SUR,ADS,SANTA JOSEFA,1021,SANTA ISABEL,2109
AGUSAN DEL SUR,ADS,SANTA JOSEFA,1021,SAYON,2110
AGUSAN DEL SUR,ADS,SANTA JOSEFA,1021,TAPAZ,2111
AGUSAN DEL SUR,ADS,SIBAGAT,1022,AFGA,2201
AGUSAN DEL SUR,ADS,SIBAGAT,1022,ANAHAWAN,2202
AGUSAN DEL SUR,ADS,SIBAGAT,1022,BANAGBANAG,2203
AGUSAN DEL SUR,ADS,SIBAGAT,1022,DEL ROSARIO,2204
AGUSAN DEL SUR,ADS,SIBAGAT,1022,EL RIO,2205
AGUSAN DEL SUR,ADS,SIBAGAT,1022,ILIHAN,2206
AGUSAN DEL SUR,ADS,SIBAGAT,1022,KAUSWAGAN,2207
AGUSAN DEL SUR,ADS,SIBAGAT,1022,KIOYA,2208
AGUSAN DEL SUR,ADS,SIBAGAT,1022,KOLAMBUGAN,2209
AGUSAN DEL SUR,ADS,SIBAGAT,1022,MAGKALAPE,2210
AGUSAN DEL SUR,ADS,SIBAGAT,1022,MAGSAYSAY,2211
AGUSAN DEL SUR,ADS,SIBAGAT,1022,MAHAYAHAY,2212
AGUSAN DEL SUR,ADS,SIBAGAT,1022,NEW TUBIGON,2213
AGUSAN DEL SUR,ADS,SIBAGAT,1022,PADIAY,2214
AGUSAN DEL SUR,ADS,SIBAGAT,1022,PEREZ,2215
AGUSAN DEL SUR,ADS,SIBAGAT,1022,POBLACION,2216
AGUSAN DEL SUR,ADS,SIBAGAT,1022,SAN ISIDRO,2217
AGUSAN DEL SUR,ADS,SIBAGAT,1022,SAN VICENTE,2218
AGUSAN DEL SUR,ADS,SIBAGAT,1022,SANTA CRUZ,2219
AGUSAN DEL SUR,ADS,SIBAGAT,1022,SANTA MARIA,2220
AGUSAN DEL SUR,ADS,SIBAGAT,1022,SINAI,2221
AGUSAN DEL SUR,ADS,SIBAGAT,1022,TABON-TABON,2222
AGUSAN DEL SUR,ADS,SIBAGAT,1022,TAG-UYANGO,2223
AGUSAN DEL SUR,ADS,SIBAGAT,1022,VILLANGIT,2224
AGUSAN DEL SUR,ADS,TALACOGON,1023,BATUCAN,2301
AGUSAN DEL SUR,ADS,TALACOGON,1023,BUENAGRACIA,2302
AGUSAN DEL SUR,ADS,TALACOGON,1023,CAUSWAGAN,2303
AGUSAN DEL SUR,ADS,TALACOGON,1023,CULI,2304
AGUSAN DEL SUR,ADS,TALACOGON,1023,DEL MONTE,2305
AGUSAN DEL SUR,ADS,TALACOGON,1023,DESAMPARADOS,2306
AGUSAN DEL SUR,ADS,TALACOGON,1023,LA FLORA,2307
AGUSAN DEL SUR,ADS,TALACOGON,1023,LABNIG,2308
AGUSAN DEL SUR,ADS,TALACOGON,1023,MAHARLIKA,2309
AGUSAN DEL SUR,ADS,TALACOGON,1023,MARBON,2310
AGUSAN DEL SUR,ADS,TALACOGON,1023,SABANG GIBUNG,2311
AGUSAN DEL SUR,ADS,TALACOGON,1023,SAN AGUSTIN (POB.),2312
AGUSAN DEL SUR,ADS,TALACOGON,1023,SAN ISIDRO (POB.),2313
AGUSAN DEL SUR,ADS,TALACOGON,1023,SAN NICOLAS (POB.),2314
AGUSAN DEL SUR,ADS,TALACOGON,1023,ZAMORA,2315
AGUSAN DEL SUR,ADS,TALACOGON,1023,ZILLOVIA,2316
AGUSAN DEL SUR,ADS,TRENTO,1024,BASA,2401
AGUSAN DEL SUR,ADS,TRENTO,1024,CEBOLIN,2402
AGUSAN DEL SUR,ADS,TRENTO,1024,CUEVAS,2403
AGUSAN DEL SUR,ADS,TRENTO,1024,KAPATUNGAN,2404
AGUSAN DEL SUR,ADS,TRENTO,1024,LANGKILA-AN,2405
AGUSAN DEL SUR,ADS,TRENTO,1024,MANAT,2406
AGUSAN DEL SUR,ADS,TRENTO,1024,NEW VISAYAS,2407
AGUSAN DEL SUR,ADS,TRENTO,1024,PANGYAN,2408
AGUSAN DEL SUR,ADS,TRENTO,1024,POBLACION,2409
AGUSAN DEL SUR,ADS,TRENTO,1024,PULANG-LUPA,2410
AGUSAN DEL SUR,ADS,TRENTO,1024,SALVACION,2411
AGUSAN DEL SUR,ADS,TRENTO,1024,SAN IGNACIO,2412
AGUSAN DEL SUR,ADS,TRENTO,1024,SAN ISIDRO,2413
AGUSAN DEL SUR,ADS,TRENTO,1024,SAN ROQUE,2414
AGUSAN DEL SUR,ADS,TRENTO,1024,SANTA MARIA,2415
AGUSAN DEL SUR,ADS,TRENTO,1024,TUDELA,2416
AGUSAN DEL SUR,ADS,VERUELA,1025,ANITAP,2501
AGUSAN DEL SUR,ADS,VERUELA,1025,BACAY II,2502
AGUSAN DEL SUR,ADS,VERUELA,1025,BINONGAN,2503
AGUSAN DEL SUR,ADS,VERUELA,1025,CAIGANGAN,2504
AGUSAN DEL SUR,ADS,VERUELA,1025,CANDIIS,2505
AGUSAN DEL SUR,ADS,VERUELA,1025,DEL MONTE,2506
AGUSAN DEL SUR,ADS,VERUELA,1025,DON MATEO,2507
AGUSAN DEL SUR,ADS,VERUELA,1025,KATIPUNAN,2508
AGUSAN DEL SUR,ADS,VERUELA,1025,LA FORTUNA,2509
AGUSAN DEL SUR,ADS,VERUELA,1025,LIMOT,2510
AGUSAN DEL SUR,ADS,VERUELA,1025,MAGSAYSAY,2511
AGUSAN DEL SUR,ADS,VERUELA,1025,MASAYAN,2512
AGUSAN DEL SUR,ADS,VERUELA,1025,POBLACION,2513
AGUSAN DEL SUR,ADS,VERUELA,1025,SAMPAGUITA,2514
AGUSAN DEL SUR,ADS,VERUELA,1025,SAN GABRIEL,2515
AGUSAN DEL SUR,ADS,VERUELA,1025,SANTA CRUZ,2516
AGUSAN DEL SUR,ADS,VERUELA,1025,SANTA EMELIA,2517
AGUSAN DEL SUR,ADS,VERUELA,1025,SAWAGAN,2518
AGUSAN DEL SUR,ADS,VERUELA,1025,SINOBONG,2519
AGUSAN DEL SUR,ADS,VERUELA,1025,SISIMON,2520
DINAGAT ISLANDS,DIN,BASILISA (RIZAL),1026,BENGLEN,2601
DINAGAT ISLANDS,DIN,BASILISA (RIZAL),1026,CATADMAN,2602
DINAGAT ISLANDS,DIN,BASILISA (RIZAL),1026,COLUMBUS,2603
DINAGAT ISLANDS,DIN,BASILISA (RIZAL),1026,CORING,2604
DINAGAT ISLANDS,DIN,BASILISA (RIZAL),1026,CORTES,2605
DINAGAT ISLANDS,DIN,BASILISA (RIZAL),1026,DIEGAS,2606
DINAGAT ISLANDS,DIN,BASILISA (RIZAL),1026,DOÃ‘A HELENE,2607
DINAGAT ISLANDS,DIN,BASILISA (RIZAL),1026,EDERA,2608
DINAGAT ISLANDS,DIN,BASILISA (RIZAL),1026,FERDINAND,2609
DINAGAT ISLANDS,DIN,BASILISA (RIZAL),1026,GEOTINA,2610
DINAGAT ISLANDS,DIN,BASILISA (RIZAL),1026,IMEE (BACTASAN),2611
DINAGAT ISLANDS,DIN,BASILISA (RIZAL),1026,MELGAR,2612
DINAGAT ISLANDS,DIN,BASILISA (RIZAL),1026,MONTAG,2613
DINAGAT ISLANDS,DIN,BASILISA (RIZAL),1026,NAVARRO,2614
DINAGAT ISLANDS,DIN,BASILISA (RIZAL),1026,NEW NAZARETH,2615
DINAGAT ISLANDS,DIN,BASILISA (RIZAL),1026,POBLACION,2616
DINAGAT ISLANDS,DIN,BASILISA (RIZAL),1026,PUERTO PRINCESA,2617
DINAGAT ISLANDS,DIN,BASILISA (RIZAL),1026,RITA GLENDA,2618
DINAGAT ISLANDS,DIN,BASILISA (RIZAL),1026,ROMA,2619
DINAGAT ISLANDS,DIN,BASILISA (RIZAL),1026,ROXAS,2620
DINAGAT ISLANDS,DIN,BASILISA (RIZAL),1026,SANTA MONICA,2621
DINAGAT ISLANDS,DIN,BASILISA (RIZAL),1026,SANTO NIÃ‘O,2622
DINAGAT ISLANDS,DIN,BASILISA (RIZAL),1026,SERING,2623
DINAGAT ISLANDS,DIN,BASILISA (RIZAL),1026,SOMBRADO,2624
DINAGAT ISLANDS,DIN,BASILISA (RIZAL),1026,TAG-ABACA,2625
DINAGAT ISLANDS,DIN,BASILISA (RIZAL),1026,VILLA ECLEO,2626
DINAGAT ISLANDS,DIN,BASILISA (RIZAL),1026,VILLA PANTINOPLE,2627
DINAGAT ISLANDS,DIN,CAGDIANAO,1027,BOA,2701
DINAGAT ISLANDS,DIN,CAGDIANAO,1027,CABUNGA-AN,2702
DINAGAT ISLANDS,DIN,CAGDIANAO,1027,DEL PILAR,2703
DINAGAT ISLANDS,DIN,CAGDIANAO,1027,LAGUNA,2704
DINAGAT ISLANDS,DIN,CAGDIANAO,1027,LEGASPI,2705
DINAGAT ISLANDS,DIN,CAGDIANAO,1027,MA-ATAS,2706
DINAGAT ISLANDS,DIN,CAGDIANAO,1027,MABINI (BORJA),2707
DINAGAT ISLANDS,DIN,CAGDIANAO,1027,NUEVA ESTRELLA,2708
DINAGAT ISLANDS,DIN,CAGDIANAO,1027,POBLACION,2709
DINAGAT ISLANDS,DIN,CAGDIANAO,1027,"R. ECLEO, SR.",2710
DINAGAT ISLANDS,DIN,CAGDIANAO,1027,SAN JOSE,2711
DINAGAT ISLANDS,DIN,CAGDIANAO,1027,SANTA RITA,2712
DINAGAT ISLANDS,DIN,CAGDIANAO,1027,TIGBAO,2713
DINAGAT ISLANDS,DIN,CAGDIANAO,1027,VALENCIA,2714
DINAGAT ISLANDS,DIN,DINAGAT,1028,BAGUMBAYAN,2801
DINAGAT ISLANDS,DIN,DINAGAT,1028,CAB-ILAN,2802
DINAGAT ISLANDS,DIN,DINAGAT,1028,CABAYAWAN,2803
DINAGAT ISLANDS,DIN,DINAGAT,1028,CAYETANO,2804
DINAGAT ISLANDS,DIN,DINAGAT,1028,ESCOLTA (POB.),2805
DINAGAT ISLANDS,DIN,DINAGAT,1028,GOMEZ,2806
DINAGAT ISLANDS,DIN,DINAGAT,1028,JUSTINIANA EDERA,2807
DINAGAT ISLANDS,DIN,DINAGAT,1028,MAGSAYSAY,2808
DINAGAT ISLANDS,DIN,DINAGAT,1028,MAUSWAGON (POB.),2809
DINAGAT ISLANDS,DIN,DINAGAT,1028,NEW MABUHAY,2810
DINAGAT ISLANDS,DIN,DINAGAT,1028,WADAS,2811
DINAGAT ISLANDS,DIN,DINAGAT,1028,WHITE BEACH (POB.),2812
DINAGAT ISLANDS,DIN,LIBJO (ALBOR),1029,ALBOR (POB.),2901
DINAGAT ISLANDS,DIN,LIBJO (ALBOR),1029,ARELLANO,2902
DINAGAT ISLANDS,DIN,LIBJO (ALBOR),1029,BAYANIHAN,2903
DINAGAT ISLANDS,DIN,LIBJO (ALBOR),1029,DOÃ‘A HELEN,2904
DINAGAT ISLANDS,DIN,LIBJO (ALBOR),1029,GARCIA,2905
DINAGAT ISLANDS,DIN,LIBJO (ALBOR),1029,GENERAL AGUINALDO (BOLOD-BOLOD),2906
DINAGAT ISLANDS,DIN,LIBJO (ALBOR),1029,KANIHAAN,2907
DINAGAT ISLANDS,DIN,LIBJO (ALBOR),1029,LLAMERA,2908
DINAGAT ISLANDS,DIN,LIBJO (ALBOR),1029,MAGSAYSAY,2909
DINAGAT ISLANDS,DIN,LIBJO (ALBOR),1029,OSMEÃ‘A,2910
DINAGAT ISLANDS,DIN,LIBJO (ALBOR),1029,PLARIDEL,2911
DINAGAT ISLANDS,DIN,LIBJO (ALBOR),1029,QUEZON,2912
DINAGAT ISLANDS,DIN,LIBJO (ALBOR),1029,ROSITA,2913
DINAGAT ISLANDS,DIN,LIBJO (ALBOR),1029,SAN ANTONIO (POB.),2914
DINAGAT ISLANDS,DIN,LIBJO (ALBOR),1029,SAN JOSE,2915
DINAGAT ISLANDS,DIN,LIBJO (ALBOR),1029,SANTO NIÃ‘O,2916
DINAGAT ISLANDS,DIN,LORETO,1030,CARMEN (POB.),3001
DINAGAT ISLANDS,DIN,LORETO,1030,ESPERANZA,3002
DINAGAT ISLANDS,DIN,LORETO,1030,FERDINAND,3003
DINAGAT ISLANDS,DIN,LORETO,1030,HELENE,3004
DINAGAT ISLANDS,DIN,LORETO,1030,LIBERTY,3005
DINAGAT ISLANDS,DIN,LORETO,1030,MAGSAYSAY,3006
DINAGAT ISLANDS,DIN,LORETO,1030,PANAMAON,3007
DINAGAT ISLANDS,DIN,LORETO,1030,SAN JUAN (POB.),3008
DINAGAT ISLANDS,DIN,LORETO,1030,SANTA CRUZ (POB.),3009
DINAGAT ISLANDS,DIN,LORETO,1030,SANTIAGO (POB.),3010
DINAGAT ISLANDS,DIN,SAN JOSE,1031,AURELIO,3101
DINAGAT ISLANDS,DIN,SAN JOSE,1031,CUARINTA,3102
DINAGAT ISLANDS,DIN,SAN JOSE,1031,DON RUBEN ECLEO (BALTAZAR),3103
DINAGAT ISLANDS,DIN,SAN JOSE,1031,JACQUEZ,3104
DINAGAT ISLANDS,DIN,SAN JOSE,1031,JUSTINIANA EDERA,3105
DINAGAT ISLANDS,DIN,SAN JOSE,1031,LUNA,3106
DINAGAT ISLANDS,DIN,SAN JOSE,1031,MAHAYAHAY,3107
DINAGAT ISLANDS,DIN,SAN JOSE,1031,MATINGBE,3108
DINAGAT ISLANDS,DIN,SAN JOSE,1031,SAN JOSE (POB.),3109
DINAGAT ISLANDS,DIN,SAN JOSE,1031,SAN JUAN,3110
DINAGAT ISLANDS,DIN,SAN JOSE,1031,SANTA CRUZ,3111
DINAGAT ISLANDS,DIN,SAN JOSE,1031,WILSON,3112
DINAGAT ISLANDS,DIN,TUBAJON,1032,DIAZ (ROMUALDEZ),3201
DINAGAT ISLANDS,DIN,TUBAJON,1032,IMELDA,3202
DINAGAT ISLANDS,DIN,TUBAJON,1032,MABINI,3203
DINAGAT ISLANDS,DIN,TUBAJON,1032,MALINAO,3204
DINAGAT ISLANDS,DIN,TUBAJON,1032,NAVARRO,3205
DINAGAT ISLANDS,DIN,TUBAJON,1032,ROXAS,3206
DINAGAT ISLANDS,DIN,TUBAJON,1032,SAN ROQUE (POB.),3207
DINAGAT ISLANDS,DIN,TUBAJON,1032,SAN VICENTE (POB.),3208
DINAGAT ISLANDS,DIN,TUBAJON,1032,SANTA CRUZ (POB.),3209
SURIGAO DEL NORTE,SDN,ALEGRIA,1033,ALIPAO,3301
SURIGAO DEL NORTE,SDN,ALEGRIA,1033,ANAHAW,3302
SURIGAO DEL NORTE,SDN,ALEGRIA,1033,BUDLINGIN,3303
SURIGAO DEL NORTE,SDN,ALEGRIA,1033,CAMP EDUARD (GEOTINA),3304
SURIGAO DEL NORTE,SDN,ALEGRIA,1033,FERLDA,3305
SURIGAO DEL NORTE,SDN,ALEGRIA,1033,GAMUTON,3306
SURIGAO DEL NORTE,SDN,ALEGRIA,1033,JULIO OUANO (POB.),3307
SURIGAO DEL NORTE,SDN,ALEGRIA,1033,OMBONG,3308
SURIGAO DEL NORTE,SDN,ALEGRIA,1033,POBLACION (ALEGRIA),3309
SURIGAO DEL NORTE,SDN,ALEGRIA,1033,PONGTUD,3310
SURIGAO DEL NORTE,SDN,ALEGRIA,1033,SAN JUAN,3311
SURIGAO DEL NORTE,SDN,ALEGRIA,1033,SAN PEDRO,3312
SURIGAO DEL NORTE,SDN,BACUAG,1034,CABUGAO,3401
SURIGAO DEL NORTE,SDN,BACUAG,1034,CAMBUAYON,3402
SURIGAO DEL NORTE,SDN,BACUAG,1034,CAMPO,3403
SURIGAO DEL NORTE,SDN,BACUAG,1034,DUGSANGON,3404
SURIGAO DEL NORTE,SDN,BACUAG,1034,PAUTAO,3405
SURIGAO DEL NORTE,SDN,BACUAG,1034,PAYAPAG,3406
SURIGAO DEL NORTE,SDN,BACUAG,1034,POBLACION,3407
SURIGAO DEL NORTE,SDN,BACUAG,1034,PUNGTOD,3408
SURIGAO DEL NORTE,SDN,BACUAG,1034,SANTO ROSARIO,3409
SURIGAO DEL NORTE,SDN,BURGOS,1035,BAYBAY,3501
SURIGAO DEL NORTE,SDN,BURGOS,1035,BITAUG,3502
SURIGAO DEL NORTE,SDN,BURGOS,1035,MATIN-AO,3503
SURIGAO DEL NORTE,SDN,BURGOS,1035,POBLACION 1,3504
SURIGAO DEL NORTE,SDN,BURGOS,1035,POBLACION 2,3505
SURIGAO DEL NORTE,SDN,BURGOS,1035,SAN MATEO,3506
SURIGAO DEL NORTE,SDN,CLAVER,1036,BAGAKAY (POB. WEST),3601
SURIGAO DEL NORTE,SDN,CLAVER,1036,CABUGO,3602
SURIGAO DEL NORTE,SDN,CLAVER,1036,CAGDIANAO,3603
SURIGAO DEL NORTE,SDN,CLAVER,1036,DAYWAN,3604
SURIGAO DEL NORTE,SDN,CLAVER,1036,HAYANGGABON,3605
SURIGAO DEL NORTE,SDN,CLAVER,1036,LADGARON (POB.),3606
SURIGAO DEL NORTE,SDN,CLAVER,1036,LAPINIGAN,3607
SURIGAO DEL NORTE,SDN,CLAVER,1036,MAGALLANES,3608
SURIGAO DEL NORTE,SDN,CLAVER,1036,PANATAO,3609
SURIGAO DEL NORTE,SDN,CLAVER,1036,SAPA,3610
SURIGAO DEL NORTE,SDN,CLAVER,1036,TAGANITO,3611
SURIGAO DEL NORTE,SDN,CLAVER,1036,TAYAGA (POB. EAST),3612
SURIGAO DEL NORTE,SDN,CLAVER,1036,URBIZTONDO,3613
SURIGAO DEL NORTE,SDN,CLAVER,1036,WANGKE,3614
SURIGAO DEL NORTE,SDN,DAPA,1037,BAGAKAY,3701
SURIGAO DEL NORTE,SDN,DAPA,1037,BARANGAY 1 (POB.),3702
SURIGAO DEL NORTE,SDN,DAPA,1037,BARANGAY 2 (POB.),3703
SURIGAO DEL NORTE,SDN,DAPA,1037,BARANGAY 3 (POB.),3704
SURIGAO DEL NORTE,SDN,DAPA,1037,BARANGAY 4 (POB.),3705
SURIGAO DEL NORTE,SDN,DAPA,1037,BARANGAY 5 (POB.),3706
SURIGAO DEL NORTE,SDN,DAPA,1037,BARANGAY 6 (POB.),3707
SURIGAO DEL NORTE,SDN,DAPA,1037,BARANGAY 7 (POB.),3708
SURIGAO DEL NORTE,SDN,DAPA,1037,BARANGAY 8 (POB.),3709
SURIGAO DEL NORTE,SDN,DAPA,1037,BARANGAY 9 (POB.),3710
SURIGAO DEL NORTE,SDN,DAPA,1037,BARANGAY 10 (POB.),3711
SURIGAO DEL NORTE,SDN,DAPA,1037,BARANGAY 11 (POB.),3712
SURIGAO DEL NORTE,SDN,DAPA,1037,BARANGAY 12 (POB.),3713
SURIGAO DEL NORTE,SDN,DAPA,1037,BARANGAY 13 (POB.),3714
SURIGAO DEL NORTE,SDN,DAPA,1037,BUENAVISTA,3715
SURIGAO DEL NORTE,SDN,DAPA,1037,CABAWA,3716
SURIGAO DEL NORTE,SDN,DAPA,1037,CAMBAS-AC,3717
SURIGAO DEL NORTE,SDN,DAPA,1037,CONSOLACION,3718
SURIGAO DEL NORTE,SDN,DAPA,1037,CORREGIDOR,3719
SURIGAO DEL NORTE,SDN,DAPA,1037,DAGOHOY,3720
SURIGAO DEL NORTE,SDN,DAPA,1037,DON PAULINO,3721
SURIGAO DEL NORTE,SDN,DAPA,1037,JUBANG,3722
SURIGAO DEL NORTE,SDN,DAPA,1037,MONTSERRAT,3723
SURIGAO DEL NORTE,SDN,DAPA,1037,OSMEÃ‘A,3724
SURIGAO DEL NORTE,SDN,DAPA,1037,SAN CARLOS,3725
SURIGAO DEL NORTE,SDN,DAPA,1037,SAN MIGUEL,3726
SURIGAO DEL NORTE,SDN,DAPA,1037,SANTA FE,3727
SURIGAO DEL NORTE,SDN,DAPA,1037,SANTA FELOMINA,3728
SURIGAO DEL NORTE,SDN,DAPA,1037,UNION,3729
SURIGAO DEL NORTE,SDN,DEL CARMEN,1038,ANTIPOLO,3801
SURIGAO DEL NORTE,SDN,DEL CARMEN,1038,BAGAKAY (ALBURO),3802
SURIGAO DEL NORTE,SDN,DEL CARMEN,1038,BITOON,3803
SURIGAO DEL NORTE,SDN,DEL CARMEN,1038,CABUGAO,3804
SURIGAO DEL NORTE,SDN,DEL CARMEN,1038,CANCOHOY,3805
SURIGAO DEL NORTE,SDN,DEL CARMEN,1038,CAUB,3806
SURIGAO DEL NORTE,SDN,DEL CARMEN,1038,DEL CARMEN (POB.),3807
SURIGAO DEL NORTE,SDN,DEL CARMEN,1038,DOMOYOG,3808
SURIGAO DEL NORTE,SDN,DEL CARMEN,1038,ESPERANZA,3809
SURIGAO DEL NORTE,SDN,DEL CARMEN,1038,HALIAN,3810
SURIGAO DEL NORTE,SDN,DEL CARMEN,1038,JAMOYAON,3811
SURIGAO DEL NORTE,SDN,DEL CARMEN,1038,KATIPUNAN,3812
SURIGAO DEL NORTE,SDN,DEL CARMEN,1038,LOBOGON,3813
SURIGAO DEL NORTE,SDN,DEL CARMEN,1038,MABUHAY,3814
SURIGAO DEL NORTE,SDN,DEL CARMEN,1038,MAHAYAHAY,3815
SURIGAO DEL NORTE,SDN,DEL CARMEN,1038,QUEZON,3816
SURIGAO DEL NORTE,SDN,DEL CARMEN,1038,SAN FERNANDO,3817
SURIGAO DEL NORTE,SDN,DEL CARMEN,1038,SAN JOSE (POB.),3818
SURIGAO DEL NORTE,SDN,DEL CARMEN,1038,SAYAK,3819
SURIGAO DEL NORTE,SDN,DEL CARMEN,1038,TUBORAN,3820
SURIGAO DEL NORTE,SDN,GENERAL LUNA,1039,ANAJAWAN,3901
SURIGAO DEL NORTE,SDN,GENERAL LUNA,1039,CABITOONAN,3902
SURIGAO DEL NORTE,SDN,GENERAL LUNA,1039,CATANGNAN,3903
SURIGAO DEL NORTE,SDN,GENERAL LUNA,1039,CONSUELO,3904
SURIGAO DEL NORTE,SDN,GENERAL LUNA,1039,CORAZON,3905
SURIGAO DEL NORTE,SDN,GENERAL LUNA,1039,DAKU,3906
SURIGAO DEL NORTE,SDN,GENERAL LUNA,1039,LA JANUZA,3907
SURIGAO DEL NORTE,SDN,GENERAL LUNA,1039,LIBERTAD,3908
SURIGAO DEL NORTE,SDN,GENERAL LUNA,1039,MAGSAYSAY,3909
SURIGAO DEL NORTE,SDN,GENERAL LUNA,1039,MALINAO,3910
SURIGAO DEL NORTE,SDN,GENERAL LUNA,1039,POBLACION I (PUROK I),3911
SURIGAO DEL NORTE,SDN,GENERAL LUNA,1039,POBLACION II (PUROK II),3912
SURIGAO DEL NORTE,SDN,GENERAL LUNA,1039,POBLACION III (PUROK III),3913
SURIGAO DEL NORTE,SDN,GENERAL LUNA,1039,POBLACION IV (PUROK IV),3914
SURIGAO DEL NORTE,SDN,GENERAL LUNA,1039,POBLACION V (PUROK V),3915
SURIGAO DEL NORTE,SDN,GENERAL LUNA,1039,SANTA CRUZ,3916
SURIGAO DEL NORTE,SDN,GENERAL LUNA,1039,SANTA FE,3917
SURIGAO DEL NORTE,SDN,GENERAL LUNA,1039,SUYANGAN,3918
SURIGAO DEL NORTE,SDN,GENERAL LUNA,1039,TAWIN-TAWIN,3919
SURIGAO DEL NORTE,SDN,GIGAQUIT,1040,ALAMBIQUE (POB.),4001
SURIGAO DEL NORTE,SDN,GIGAQUIT,1040,ANIBONGAN,4002
SURIGAO DEL NORTE,SDN,GIGAQUIT,1040,CAM-BOAYON,4003
SURIGAO DEL NORTE,SDN,GIGAQUIT,1040,CAMAM-ONAN,4004
SURIGAO DEL NORTE,SDN,GIGAQUIT,1040,IPIL (POB.),4005
SURIGAO DEL NORTE,SDN,GIGAQUIT,1040,LAHI,4006
SURIGAO DEL NORTE,SDN,GIGAQUIT,1040,MAHANUB,4007
SURIGAO DEL NORTE,SDN,GIGAQUIT,1040,PONIENTE,4008
SURIGAO DEL NORTE,SDN,GIGAQUIT,1040,SAN ANTONIO (BONOT),4009
SURIGAO DEL NORTE,SDN,GIGAQUIT,1040,SAN ISIDRO,4010
SURIGAO DEL NORTE,SDN,GIGAQUIT,1040,SICO-SICO,4011
SURIGAO DEL NORTE,SDN,GIGAQUIT,1040,VILLAFLOR,4012
SURIGAO DEL NORTE,SDN,GIGAQUIT,1040,VILLAFRANCA,4013
SURIGAO DEL NORTE,SDN,MAINIT,1041,BINGA,4101
SURIGAO DEL NORTE,SDN,MAINIT,1041,BOBONA-ON,4102
SURIGAO DEL NORTE,SDN,MAINIT,1041,CANTUGAS,4103
SURIGAO DEL NORTE,SDN,MAINIT,1041,DAYANO,4104
SURIGAO DEL NORTE,SDN,MAINIT,1041,MABINI,4105
SURIGAO DEL NORTE,SDN,MAINIT,1041,MAGPAYANG,4106
SURIGAO DEL NORTE,SDN,MAINIT,1041,MAGSAYSAY (POB.),4107
SURIGAO DEL NORTE,SDN,MAINIT,1041,MANSAYAO,4108
SURIGAO DEL NORTE,SDN,MAINIT,1041,MARAYAG,4109
SURIGAO DEL NORTE,SDN,MAINIT,1041,MATIN-AO,4110
SURIGAO DEL NORTE,SDN,MAINIT,1041,PACO,4111
SURIGAO DEL NORTE,SDN,MAINIT,1041,QUEZON (POB.),4112
SURIGAO DEL NORTE,SDN,MAINIT,1041,ROXAS,4113
SURIGAO DEL NORTE,SDN,MAINIT,1041,SAN FRANCISCO,4114
SURIGAO DEL NORTE,SDN,MAINIT,1041,SAN ISIDRO,4115
SURIGAO DEL NORTE,SDN,MAINIT,1041,SAN JOSE,4116
SURIGAO DEL NORTE,SDN,MAINIT,1041,SIANA,4117
SURIGAO DEL NORTE,SDN,MAINIT,1041,SILOP,4118
SURIGAO DEL NORTE,SDN,MAINIT,1041,TAGBUYAWAN,4119
SURIGAO DEL NORTE,SDN,MAINIT,1041,TAPI-AN,4120
SURIGAO DEL NORTE,SDN,MAINIT,1041,TOLINGON,4121
SURIGAO DEL NORTE,SDN,MALIMONO,1042,BUNYASAN,4201
SURIGAO DEL NORTE,SDN,MALIMONO,1042,CAGTINAE,4202
SURIGAO DEL NORTE,SDN,MALIMONO,1042,CAN-AGA,4203
SURIGAO DEL NORTE,SDN,MALIMONO,1042,CANSAYONG,4204
SURIGAO DEL NORTE,SDN,MALIMONO,1042,CANTAPOY,4205
SURIGAO DEL NORTE,SDN,MALIMONO,1042,CAYAWAN,4206
SURIGAO DEL NORTE,SDN,MALIMONO,1042,DORO (BINOCARAN),4207
SURIGAO DEL NORTE,SDN,MALIMONO,1042,HANAGDONG,4208
SURIGAO DEL NORTE,SDN,MALIMONO,1042,KARIHATAG,4209
SURIGAO DEL NORTE,SDN,MALIMONO,1042,MASGAD,4210
SURIGAO DEL NORTE,SDN,MALIMONO,1042,PILI,4211
SURIGAO DEL NORTE,SDN,MALIMONO,1042,SAN ISIDRO (POB.),4212
SURIGAO DEL NORTE,SDN,MALIMONO,1042,TINAGO,4213
SURIGAO DEL NORTE,SDN,MALIMONO,1042,VILLARIZA,4214
SURIGAO DEL NORTE,SDN,PILAR,1043,ASINAN (POB.),4301
SURIGAO DEL NORTE,SDN,PILAR,1043,CARIDAD,4302
SURIGAO DEL NORTE,SDN,PILAR,1043,CENTRO (POB.),4303
SURIGAO DEL NORTE,SDN,PILAR,1043,CONSOLACION,4304
SURIGAO DEL NORTE,SDN,PILAR,1043,DATU,4305
SURIGAO DEL NORTE,SDN,PILAR,1043,DAYAOHAY,4306
SURIGAO DEL NORTE,SDN,PILAR,1043,JABOY,4307
SURIGAO DEL NORTE,SDN,PILAR,1043,KATIPUNAN,4308
SURIGAO DEL NORTE,SDN,PILAR,1043,MAASIN,4309
SURIGAO DEL NORTE,SDN,PILAR,1043,MABINI,4310
SURIGAO DEL NORTE,SDN,PILAR,1043,MABUHAY,4311
SURIGAO DEL NORTE,SDN,PILAR,1043,PILARING (POB.),4312
SURIGAO DEL NORTE,SDN,PILAR,1043,PUNTA (POB.),4313
SURIGAO DEL NORTE,SDN,PILAR,1043,SALVACION,4314
SURIGAO DEL NORTE,SDN,PILAR,1043,SAN ROQUE,4315
SURIGAO DEL NORTE,SDN,PLACER,1044,AMOSLOG,4401
SURIGAO DEL NORTE,SDN,PLACER,1044,ANISLAGAN,4402
SURIGAO DEL NORTE,SDN,PLACER,1044,BAD-AS,4403
SURIGAO DEL NORTE,SDN,PLACER,1044,BOYONGAN,4404
SURIGAO DEL NORTE,SDN,PLACER,1044,BUGAS-BUGAS,4405
SURIGAO DEL NORTE,SDN,PLACER,1044,CENTRAL (POB.),4406
SURIGAO DEL NORTE,SDN,PLACER,1044,ELLAPERAL (NONOK),4407
SURIGAO DEL NORTE,SDN,PLACER,1044,IPIL (POB.),4408
SURIGAO DEL NORTE,SDN,PLACER,1044,LAKANDULA,4409
SURIGAO DEL NORTE,SDN,PLACER,1044,MABINI,4410
SURIGAO DEL NORTE,SDN,PLACER,1044,MACALAYA,4411
SURIGAO DEL NORTE,SDN,PLACER,1044,MAGSAYSAY (POB.),4412
SURIGAO DEL NORTE,SDN,PLACER,1044,MAGUPANGE,4413
SURIGAO DEL NORTE,SDN,PLACER,1044,PANANAY-AN,4414
SURIGAO DEL NORTE,SDN,PLACER,1044,PANHUTONGAN,4415
SURIGAO DEL NORTE,SDN,PLACER,1044,SAN ISIDRO,4416
SURIGAO DEL NORTE,SDN,PLACER,1044,SANI-SANI,4417
SURIGAO DEL NORTE,SDN,PLACER,1044,SANTA CRUZ,4418
SURIGAO DEL NORTE,SDN,PLACER,1044,SUYOC,4419
SURIGAO DEL NORTE,SDN,PLACER,1044,TAGBONGABONG,4420
SURIGAO DEL NORTE,SDN,SAN BENITO,1045,BONGDO,4501
SURIGAO DEL NORTE,SDN,SAN BENITO,1045,MARIBOJOC,4502
SURIGAO DEL NORTE,SDN,SAN BENITO,1045,NUEVO CAMPO,4503
SURIGAO DEL NORTE,SDN,SAN BENITO,1045,SAN JUAN,4504
SURIGAO DEL NORTE,SDN,SAN BENITO,1045,SANTA CRUZ (POB.),4505
SURIGAO DEL NORTE,SDN,SAN BENITO,1045,TALISAY (POB.),4506
SURIGAO DEL NORTE,SDN,SAN FRANCISCO (ANAO-AON),1046,AMONTAY,4601
SURIGAO DEL NORTE,SDN,SAN FRANCISCO (ANAO-AON),1046,BALITE,4602
SURIGAO DEL NORTE,SDN,SAN FRANCISCO (ANAO-AON),1046,BANBANON,4603
SURIGAO DEL NORTE,SDN,SAN FRANCISCO (ANAO-AON),1046,DIAZ,4604
SURIGAO DEL NORTE,SDN,SAN FRANCISCO (ANAO-AON),1046,HONRADO,4605
SURIGAO DEL NORTE,SDN,SAN FRANCISCO (ANAO-AON),1046,JUBGAN,4606
SURIGAO DEL NORTE,SDN,SAN FRANCISCO (ANAO-AON),1046,LINONGGANAN,4607
SURIGAO DEL NORTE,SDN,SAN FRANCISCO (ANAO-AON),1046,MACOPA,4608
SURIGAO DEL NORTE,SDN,SAN FRANCISCO (ANAO-AON),1046,MAGTANGALE,4609
SURIGAO DEL NORTE,SDN,SAN FRANCISCO (ANAO-AON),1046,OSLAO,4610
SURIGAO DEL NORTE,SDN,SAN FRANCISCO (ANAO-AON),1046,POBLACION,4611
SURIGAO DEL NORTE,SDN,SAN ISIDRO,1047,BUHING CALIPAY,4701
SURIGAO DEL NORTE,SDN,SAN ISIDRO,1047,DEL CARMEN (POB.),4702
SURIGAO DEL NORTE,SDN,SAN ISIDRO,1047,DEL PILAR,4703
SURIGAO DEL NORTE,SDN,SAN ISIDRO,1047,MACAPAGAL,4704
SURIGAO DEL NORTE,SDN,SAN ISIDRO,1047,PACIFICO,4705
SURIGAO DEL NORTE,SDN,SAN ISIDRO,1047,PELAEZ,4706
SURIGAO DEL NORTE,SDN,SAN ISIDRO,1047,ROXAS,4707
SURIGAO DEL NORTE,SDN,SAN ISIDRO,1047,SAN MIGUEL,4708
SURIGAO DEL NORTE,SDN,SAN ISIDRO,1047,SANTA PAZ,4709
SURIGAO DEL NORTE,SDN,SAN ISIDRO,1047,SANTO NIÃ‘O,4710
SURIGAO DEL NORTE,SDN,SAN ISIDRO,1047,TAMBACAN,4711
SURIGAO DEL NORTE,SDN,SAN ISIDRO,1047,TIGASAO,4712
SURIGAO DEL NORTE,SDN,SANTA MONICA (SAPAO),1048,ABAD SANTOS,4801
SURIGAO DEL NORTE,SDN,SANTA MONICA (SAPAO),1048,ALEGRIA,4802
SURIGAO DEL NORTE,SDN,SANTA MONICA (SAPAO),1048,BAILAN,4803
SURIGAO DEL NORTE,SDN,SANTA MONICA (SAPAO),1048,GARCIA,4804
SURIGAO DEL NORTE,SDN,SANTA MONICA (SAPAO),1048,LIBERTAD,4805
SURIGAO DEL NORTE,SDN,SANTA MONICA (SAPAO),1048,MABINI,4806
SURIGAO DEL NORTE,SDN,SANTA MONICA (SAPAO),1048,MABUHAY (POB.),4807
SURIGAO DEL NORTE,SDN,SANTA MONICA (SAPAO),1048,MAGSAYSAY,4808
SURIGAO DEL NORTE,SDN,SANTA MONICA (SAPAO),1048,RIZAL,4809
SURIGAO DEL NORTE,SDN,SANTA MONICA (SAPAO),1048,T. ARLAN (POB.),4810
SURIGAO DEL NORTE,SDN,SANTA MONICA (SAPAO),1048,TANGBO,4811
SURIGAO DEL NORTE,SDN,SISON,1049,BIYABID,4901
SURIGAO DEL NORTE,SDN,SISON,1049,GACEPAN,4902
SURIGAO DEL NORTE,SDN,SISON,1049,IMA,4903
SURIGAO DEL NORTE,SDN,SISON,1049,LOWER PATAG,4904
SURIGAO DEL NORTE,SDN,SISON,1049,MABUHAY,4905
SURIGAO DEL NORTE,SDN,SISON,1049,MAYAG,4906
SURIGAO DEL NORTE,SDN,SISON,1049,POBLACION (SAN PEDRO),4907
SURIGAO DEL NORTE,SDN,SISON,1049,SAN ISIDRO,4908
SURIGAO DEL NORTE,SDN,SISON,1049,SAN PABLO,4909
SURIGAO DEL NORTE,SDN,SISON,1049,TAGBAYANI,4910
SURIGAO DEL NORTE,SDN,SISON,1049,TINOGPAHAN,4911
SURIGAO DEL NORTE,SDN,SISON,1049,UPPER PATAG,4912
SURIGAO DEL NORTE,SDN,SOCORRO,1050,ALBINO TARUC,5001
SURIGAO DEL NORTE,SDN,SOCORRO,1050,DEL PILAR,5002
SURIGAO DEL NORTE,SDN,SOCORRO,1050,HELENE,5003
SURIGAO DEL NORTE,SDN,SOCORRO,1050,HONRADO,5004
SURIGAO DEL NORTE,SDN,SOCORRO,1050,NAVARRO (POB.),5005
SURIGAO DEL NORTE,SDN,SOCORRO,1050,NUEVA ESTRELLA,5006
SURIGAO DEL NORTE,SDN,SOCORRO,1050,PAMOSAINGAN,5007
SURIGAO DEL NORTE,SDN,SOCORRO,1050,RIZAL (POB.),5008
SURIGAO DEL NORTE,SDN,SOCORRO,1050,SALOG,5009
SURIGAO DEL NORTE,SDN,SOCORRO,1050,SAN ROQUE,5010
SURIGAO DEL NORTE,SDN,SOCORRO,1050,SANTA CRUZ,5011
SURIGAO DEL NORTE,SDN,SOCORRO,1050,SERING,5012
SURIGAO DEL NORTE,SDN,SOCORRO,1050,SONGKOY,5013
SURIGAO DEL NORTE,SDN,SOCORRO,1050,SUDLON,5014
SURIGAO DEL NORTE,SDN,SURIGAO CITY,1051,ALANG-ALANG,5101
SURIGAO DEL NORTE,SDN,SURIGAO CITY,1051,ALEGRIA,5102
SURIGAO DEL NORTE,SDN,SURIGAO CITY,1051,ANOMAR,5103
SURIGAO DEL NORTE,SDN,SURIGAO CITY,1051,AURORA,5104
SURIGAO DEL NORTE,SDN,SURIGAO CITY,1051,BALIBAYON,5105
SURIGAO DEL NORTE,SDN,SURIGAO CITY,1051,BAYBAY,5106
SURIGAO DEL NORTE,SDN,SURIGAO CITY,1051,BILABID,5107
SURIGAO DEL NORTE,SDN,SURIGAO CITY,1051,BITAUGAN,5108
SURIGAO DEL NORTE,SDN,SURIGAO CITY,1051,BONIFACIO,5109
SURIGAO DEL NORTE,SDN,SURIGAO CITY,1051,BUENAVISTA,5110
SURIGAO DEL NORTE,SDN,SURIGAO CITY,1051,CABONGBONGAN,5111
SURIGAO DEL NORTE,SDN,SURIGAO CITY,1051,CAGNIOG,5112
SURIGAO DEL NORTE,SDN,SURIGAO CITY,1051,CAGUTSAN,5113
SURIGAO DEL NORTE,SDN,SURIGAO CITY,1051,CANLANIPA,5114
SURIGAO DEL NORTE,SDN,SURIGAO CITY,1051,CANTIASAY,5115
SURIGAO DEL NORTE,SDN,SURIGAO CITY,1051,CAPALAYAN,5116
SURIGAO DEL NORTE,SDN,SURIGAO CITY,1051,CATADMAN,5117
SURIGAO DEL NORTE,SDN,SURIGAO CITY,1051,DANAO,5118
SURIGAO DEL NORTE,SDN,SURIGAO CITY,1051,DANAWAN,5119
SURIGAO DEL NORTE,SDN,SURIGAO CITY,1051,DAY-ASAN,5120
SURIGAO DEL NORTE,SDN,SURIGAO CITY,1051,IPIL,5121
SURIGAO DEL NORTE,SDN,SURIGAO CITY,1051,LIBUAC,5122
SURIGAO DEL NORTE,SDN,SURIGAO CITY,1051,LIPATA,5123
SURIGAO DEL NORTE,SDN,SURIGAO CITY,1051,LISONDRA,5124
SURIGAO DEL NORTE,SDN,SURIGAO CITY,1051,LUNA,5125
SURIGAO DEL NORTE,SDN,SURIGAO CITY,1051,MABINI,5126
SURIGAO DEL NORTE,SDN,SURIGAO CITY,1051,MABUA,5127
SURIGAO DEL NORTE,SDN,SURIGAO CITY,1051,MANYAGAO,5128
SURIGAO DEL NORTE,SDN,SURIGAO CITY,1051,MAPAWA,5129
SURIGAO DEL NORTE,SDN,SURIGAO CITY,1051,MAT-I,5130
SURIGAO DEL NORTE,SDN,SURIGAO CITY,1051,NABAGO,5131
SURIGAO DEL NORTE,SDN,SURIGAO CITY,1051,NONOC,5132
SURIGAO DEL NORTE,SDN,SURIGAO CITY,1051,OROK,5133
SURIGAO DEL NORTE,SDN,SURIGAO CITY,1051,POCTOY,5134
SURIGAO DEL NORTE,SDN,SURIGAO CITY,1051,PUNTA BILAR,5135
SURIGAO DEL NORTE,SDN,SURIGAO CITY,1051,QUEZON,5136
SURIGAO DEL NORTE,SDN,SURIGAO CITY,1051,RIZAL,5137
SURIGAO DEL NORTE,SDN,SURIGAO CITY,1051,SABANG,5138
SURIGAO DEL NORTE,SDN,SURIGAO CITY,1051,SAN ISIDRO,5139
SURIGAO DEL NORTE,SDN,SURIGAO CITY,1051,SAN JOSE,5140
SURIGAO DEL NORTE,SDN,SURIGAO CITY,1051,SAN JUAN,5141
SURIGAO DEL NORTE,SDN,SURIGAO CITY,1051,SAN PEDRO (HANIGAD),5142
SURIGAO DEL NORTE,SDN,SURIGAO CITY,1051,SAN ROQUE,5143
SURIGAO DEL NORTE,SDN,SURIGAO CITY,1051,SERNA (BAD-ASAY),5144
SURIGAO DEL NORTE,SDN,SURIGAO CITY,1051,SIDLAKAN,5145
SURIGAO DEL NORTE,SDN,SURIGAO CITY,1051,SILOP,5146
SURIGAO DEL NORTE,SDN,SURIGAO CITY,1051,SUGBAY,5147
SURIGAO DEL NORTE,SDN,SURIGAO CITY,1051,SUKAILANG,5148
SURIGAO DEL NORTE,SDN,SURIGAO CITY,1051,TAFT (POB.),5149
SURIGAO DEL NORTE,SDN,SURIGAO CITY,1051,TALISAY,5150
SURIGAO DEL NORTE,SDN,SURIGAO CITY,1051,TOGBONGON,5151
SURIGAO DEL NORTE,SDN,SURIGAO CITY,1051,TRINIDAD,5152
SURIGAO DEL NORTE,SDN,SURIGAO CITY,1051,WASHINGTON (POB.),5153
SURIGAO DEL NORTE,SDN,SURIGAO CITY,1051,ZARAGOZA,5154
SURIGAO DEL NORTE,SDN,TAGANA-AN,1052,AURORA (POB.),5201
SURIGAO DEL NORTE,SDN,TAGANA-AN,1052,AZUCENA (POB.),5202
SURIGAO DEL NORTE,SDN,TAGANA-AN,1052,BANBAN,5203
SURIGAO DEL NORTE,SDN,TAGANA-AN,1052,CAWILAN,5204
SURIGAO DEL NORTE,SDN,TAGANA-AN,1052,FABIO,5205
SURIGAO DEL NORTE,SDN,TAGANA-AN,1052,HIMAMAUG,5206
SURIGAO DEL NORTE,SDN,TAGANA-AN,1052,LAUREL,5207
SURIGAO DEL NORTE,SDN,TAGANA-AN,1052,LOWER LIBAS,5208
SURIGAO DEL NORTE,SDN,TAGANA-AN,1052,OPONG,5209
SURIGAO DEL NORTE,SDN,TAGANA-AN,1052,PATINO,5210
SURIGAO DEL NORTE,SDN,TAGANA-AN,1052,SAMPAGUITA (POB.),5211
SURIGAO DEL NORTE,SDN,TAGANA-AN,1052,TALAVERA,5212
SURIGAO DEL NORTE,SDN,TAGANA-AN,1052,UNION,5213
SURIGAO DEL NORTE,SDN,TAGANA-AN,1052,UPPER LIBAS,5214
SURIGAO DEL NORTE,SDN,TUBOD,1053,CAPAYAHAN,5301
SURIGAO DEL NORTE,SDN,TUBOD,1053,CAWILAN,5302
SURIGAO DEL NORTE,SDN,TUBOD,1053,DEL ROSARIO,5303
SURIGAO DEL NORTE,SDN,TUBOD,1053,MARGA,5304
SURIGAO DEL NORTE,SDN,TUBOD,1053,MOTORPOOL,5305
SURIGAO DEL NORTE,SDN,TUBOD,1053,POBLACION (TUBOD),5306
SURIGAO DEL NORTE,SDN,TUBOD,1053,SAN ISIDRO,5307
SURIGAO DEL NORTE,SDN,TUBOD,1053,SAN PABLO,5308
SURIGAO DEL NORTE,SDN,TUBOD,1053,TIMAMANA,5309
SURIGAO DEL SUR,SDS,BAROBO,1054,AMAGA,5401
SURIGAO DEL SUR,SDS,BAROBO,1054,BAHI,5402
SURIGAO DEL SUR,SDS,BAROBO,1054,CABACUNGAN,5403
SURIGAO DEL SUR,SDS,BAROBO,1054,CAMBAGANG,5404
SURIGAO DEL SUR,SDS,BAROBO,1054,CAUSWAGAN,5405
SURIGAO DEL SUR,SDS,BAROBO,1054,DAPDAP,5406
SURIGAO DEL SUR,SDS,BAROBO,1054,DUGHAN,5407
SURIGAO DEL SUR,SDS,BAROBO,1054,GAMUT,5408
SURIGAO DEL SUR,SDS,BAROBO,1054,JAVIER,5409
SURIGAO DEL SUR,SDS,BAROBO,1054,KINAYAN,5410
SURIGAO DEL SUR,SDS,BAROBO,1054,MAMIS,5411
SURIGAO DEL SUR,SDS,BAROBO,1054,POBLACION,5412
SURIGAO DEL SUR,SDS,BAROBO,1054,RIZAL,5413
SURIGAO DEL SUR,SDS,BAROBO,1054,SAN JOSE,5414
SURIGAO DEL SUR,SDS,BAROBO,1054,SAN ROQUE,5415
SURIGAO DEL SUR,SDS,BAROBO,1054,SAN VICENTE,5416
SURIGAO DEL SUR,SDS,BAROBO,1054,SUA,5417
SURIGAO DEL SUR,SDS,BAROBO,1054,SUDLON,5418
SURIGAO DEL SUR,SDS,BAROBO,1054,TAMBIS,5419
SURIGAO DEL SUR,SDS,BAROBO,1054,UNIDAD,5420
SURIGAO DEL SUR,SDS,BAROBO,1054,WAKAT,5421
SURIGAO DEL SUR,SDS,BAYABAS,1055,AMAG,5501
SURIGAO DEL SUR,SDS,BAYABAS,1055,BALETE (POB.),5502
SURIGAO DEL SUR,SDS,BAYABAS,1055,CABUGO,5503
SURIGAO DEL SUR,SDS,BAYABAS,1055,CAGBAOTO,5504
SURIGAO DEL SUR,SDS,BAYABAS,1055,LA PAZ,5505
SURIGAO DEL SUR,SDS,BAYABAS,1055,MAGOBAWOK,5506
SURIGAO DEL SUR,SDS,BAYABAS,1055,PANAOSAWON,5507
SURIGAO DEL SUR,SDS,BISLIG CITY,1056,BUCTO,5601
SURIGAO DEL SUR,SDS,BISLIG CITY,1056,BURBOANAN,5602
SURIGAO DEL SUR,SDS,BISLIG CITY,1056,CAGUYAO,5603
SURIGAO DEL SUR,SDS,BISLIG CITY,1056,COLETO,5604
SURIGAO DEL SUR,SDS,BISLIG CITY,1056,COMAWAS,5605
SURIGAO DEL SUR,SDS,BISLIG CITY,1056,KAHAYAG,5606
SURIGAO DEL SUR,SDS,BISLIG CITY,1056,LABISMA,5607
SURIGAO DEL SUR,SDS,BISLIG CITY,1056,LAWIGAN,5608
SURIGAO DEL SUR,SDS,BISLIG CITY,1056,MAHARLIKA,5609
SURIGAO DEL SUR,SDS,BISLIG CITY,1056,MANGAGOY,5610
SURIGAO DEL SUR,SDS,BISLIG CITY,1056,MONE,5611
SURIGAO DEL SUR,SDS,BISLIG CITY,1056,PAMANLINAN,5612
SURIGAO DEL SUR,SDS,BISLIG CITY,1056,PAMAYPAYAN,5613
SURIGAO DEL SUR,SDS,BISLIG CITY,1056,POBLACION,5614
SURIGAO DEL SUR,SDS,BISLIG CITY,1056,SAN ANTONIO,5615
SURIGAO DEL SUR,SDS,BISLIG CITY,1056,SAN FERNANDO,5616
SURIGAO DEL SUR,SDS,BISLIG CITY,1056,SAN ISIDRO (BAGNAN),5617
SURIGAO DEL SUR,SDS,BISLIG CITY,1056,SAN JOSE,5618
SURIGAO DEL SUR,SDS,BISLIG CITY,1056,SAN ROQUE (CADANGLASAN),5619
SURIGAO DEL SUR,SDS,BISLIG CITY,1056,SAN VICENTE,5620
SURIGAO DEL SUR,SDS,BISLIG CITY,1056,SANTA CRUZ,5621
SURIGAO DEL SUR,SDS,BISLIG CITY,1056,SIBAROY,5622
SURIGAO DEL SUR,SDS,BISLIG CITY,1056,TABON,5623
SURIGAO DEL SUR,SDS,BISLIG CITY,1056,TUMANAN,5624
SURIGAO DEL SUR,SDS,CAGWAIT,1057,ARAS-ASAN,5701
SURIGAO DEL SUR,SDS,CAGWAIT,1057,BACOLOD,5702
SURIGAO DEL SUR,SDS,CAGWAIT,1057,BITAUGAN EAST,5703
SURIGAO DEL SUR,SDS,CAGWAIT,1057,BITAUGAN WEST,5704
SURIGAO DEL SUR,SDS,CAGWAIT,1057,LA PURISIMA (PALHE),5705
SURIGAO DEL SUR,SDS,CAGWAIT,1057,LACTUDAN,5706
SURIGAO DEL SUR,SDS,CAGWAIT,1057,MAT-E,5707
SURIGAO DEL SUR,SDS,CAGWAIT,1057,POBLACION,5708
SURIGAO DEL SUR,SDS,CAGWAIT,1057,TAWAGAN,5709
SURIGAO DEL SUR,SDS,CAGWAIT,1057,TUBO-TUBO,5710
SURIGAO DEL SUR,SDS,CAGWAIT,1057,UNIDAD,5711
SURIGAO DEL SUR,SDS,CANTILAN,1058,BUGSUKAN,5801
SURIGAO DEL SUR,SDS,CANTILAN,1058,BUNTALID,5802
SURIGAO DEL SUR,SDS,CANTILAN,1058,CABANGAHAN,5803
SURIGAO DEL SUR,SDS,CANTILAN,1058,CABAS-AN,5804
SURIGAO DEL SUR,SDS,CANTILAN,1058,CALAGDAAN,5805
SURIGAO DEL SUR,SDS,CANTILAN,1058,CONSUELO,5806
SURIGAO DEL SUR,SDS,CANTILAN,1058,GENERAL ISLAND,5807
SURIGAO DEL SUR,SDS,CANTILAN,1058,LININTI-AN (POB.),5808
SURIGAO DEL SUR,SDS,CANTILAN,1058,LOBO,5809
SURIGAO DEL SUR,SDS,CANTILAN,1058,MAGASANG,5810
SURIGAO DEL SUR,SDS,CANTILAN,1058,MAGOSILOM (POB.),5811
SURIGAO DEL SUR,SDS,CANTILAN,1058,PAG-ANTAYAN,5812
SURIGAO DEL SUR,SDS,CANTILAN,1058,PALASAO,5813
SURIGAO DEL SUR,SDS,CANTILAN,1058,PARANG,5814
SURIGAO DEL SUR,SDS,CANTILAN,1058,SAN PEDRO,5815
SURIGAO DEL SUR,SDS,CANTILAN,1058,TAPI,5816
SURIGAO DEL SUR,SDS,CANTILAN,1058,TIGABONG,5817
SURIGAO DEL SUR,SDS,CARMEN,1059,ANTAO,5901
SURIGAO DEL SUR,SDS,CARMEN,1059,CANCAVAN,5902
SURIGAO DEL SUR,SDS,CARMEN,1059,CARMEN (POB.),5903
SURIGAO DEL SUR,SDS,CARMEN,1059,ESPERANZA,5904
SURIGAO DEL SUR,SDS,CARMEN,1059,HINAPOYAN,5905
SURIGAO DEL SUR,SDS,CARMEN,1059,PUYAT,5906
SURIGAO DEL SUR,SDS,CARMEN,1059,SAN VICENTE,5907
SURIGAO DEL SUR,SDS,CARMEN,1059,SANTA CRUZ,5908
SURIGAO DEL SUR,SDS,CARRASCAL,1060,ADLAY,6001
SURIGAO DEL SUR,SDS,CARRASCAL,1060,BABUYAN,6002
SURIGAO DEL SUR,SDS,CARRASCAL,1060,BACOLOD,6003
SURIGAO DEL SUR,SDS,CARRASCAL,1060,BAYBAY (POB.),6004
SURIGAO DEL SUR,SDS,CARRASCAL,1060,BON-OT,6005
SURIGAO DEL SUR,SDS,CARRASCAL,1060,CAGLAYAG,6006
SURIGAO DEL SUR,SDS,CARRASCAL,1060,DAHICAN,6007
SURIGAO DEL SUR,SDS,CARRASCAL,1060,DOYOS (POB.),6008
SURIGAO DEL SUR,SDS,CARRASCAL,1060,EMBARCADERO (POB.),6009
SURIGAO DEL SUR,SDS,CARRASCAL,1060,GAMUTON,6010
SURIGAO DEL SUR,SDS,CARRASCAL,1060,PANIKIAN,6011
SURIGAO DEL SUR,SDS,CARRASCAL,1060,PANTUKAN,6012
SURIGAO DEL SUR,SDS,CARRASCAL,1060,SACA (POB.),6013
SURIGAO DEL SUR,SDS,CARRASCAL,1060,TAG-ANITO,6014
SURIGAO DEL SUR,SDS,CORTES,1061,BALIBADON,6101
SURIGAO DEL SUR,SDS,CORTES,1061,BURGOS,6102
SURIGAO DEL SUR,SDS,CORTES,1061,CAPANDAN,6103
SURIGAO DEL SUR,SDS,CORTES,1061,MABAHIN,6104
SURIGAO DEL SUR,SDS,CORTES,1061,MADRELINO,6105
SURIGAO DEL SUR,SDS,CORTES,1061,MANLICO,6106
SURIGAO DEL SUR,SDS,CORTES,1061,MATHO,6107
SURIGAO DEL SUR,SDS,CORTES,1061,POBLACION,6108
SURIGAO DEL SUR,SDS,CORTES,1061,TAG-ANONGAN,6109
SURIGAO DEL SUR,SDS,CORTES,1061,TIGAO,6110
SURIGAO DEL SUR,SDS,CORTES,1061,TUBORAN,6111
SURIGAO DEL SUR,SDS,CORTES,1061,UBA,6112
SURIGAO DEL SUR,SDS,HINATUAN,1062,BACULIN,6201
SURIGAO DEL SUR,SDS,HINATUAN,1062,BENIGNO AQUINO (ZONE I) POB.,6202
SURIGAO DEL SUR,SDS,HINATUAN,1062,BIGAAN,6203
SURIGAO DEL SUR,SDS,HINATUAN,1062,CAMBATONG,6204
SURIGAO DEL SUR,SDS,HINATUAN,1062,CAMPA,6205
SURIGAO DEL SUR,SDS,HINATUAN,1062,DUGMANON,6206
SURIGAO DEL SUR,SDS,HINATUAN,1062,HARIP,6207
SURIGAO DEL SUR,SDS,HINATUAN,1062,LA CASA (POB.),6208
SURIGAO DEL SUR,SDS,HINATUAN,1062,LOYOLA,6209
SURIGAO DEL SUR,SDS,HINATUAN,1062,MALIGAYA,6210
SURIGAO DEL SUR,SDS,HINATUAN,1062,PAGTIGNI-AN (BITOON),6211
SURIGAO DEL SUR,SDS,HINATUAN,1062,POCTO,6212
SURIGAO DEL SUR,SDS,HINATUAN,1062,PORT LAMON,6213
SURIGAO DEL SUR,SDS,HINATUAN,1062,ROXAS,6214
SURIGAO DEL SUR,SDS,HINATUAN,1062,SAN JUAN,6215
SURIGAO DEL SUR,SDS,HINATUAN,1062,SASA,6216
SURIGAO DEL SUR,SDS,HINATUAN,1062,TAGASAKA,6217
SURIGAO DEL SUR,SDS,HINATUAN,1062,TAGBOBONGA,6218
SURIGAO DEL SUR,SDS,HINATUAN,1062,TALISAY,6219
SURIGAO DEL SUR,SDS,HINATUAN,1062,TARUSAN,6220
SURIGAO DEL SUR,SDS,HINATUAN,1062,TIDMAN,6221
SURIGAO DEL SUR,SDS,HINATUAN,1062,TIWI,6222
SURIGAO DEL SUR,SDS,HINATUAN,1062,ZONE II (POB.),6223
SURIGAO DEL SUR,SDS,HINATUAN,1062,ZONE III MAHARLIKA (POB.),6224
SURIGAO DEL SUR,SDS,LANUZA,1063,AGSAM,6301
SURIGAO DEL SUR,SDS,LANUZA,1063,BOCAWE,6302
SURIGAO DEL SUR,SDS,LANUZA,1063,BUNGA,6303
SURIGAO DEL SUR,SDS,LANUZA,1063,GAMUTON,6304
SURIGAO DEL SUR,SDS,LANUZA,1063,HABAG,6305
SURIGAO DEL SUR,SDS,LANUZA,1063,MAMPI,6306
SURIGAO DEL SUR,SDS,LANUZA,1063,NURCIA,6307
SURIGAO DEL SUR,SDS,LANUZA,1063,PAKWAN,6308
SURIGAO DEL SUR,SDS,LANUZA,1063,SIBAHAY,6309
SURIGAO DEL SUR,SDS,LANUZA,1063,ZONE I (POB.),6310
SURIGAO DEL SUR,SDS,LANUZA,1063,ZONE II (POB.),6311
SURIGAO DEL SUR,SDS,LANUZA,1063,ZONE III (POB.),6312
SURIGAO DEL SUR,SDS,LANUZA,1063,ZONE IV (POB.),6313
SURIGAO DEL SUR,SDS,LIANGA,1064,ANIBONGAN,6401
SURIGAO DEL SUR,SDS,LIANGA,1064,BAN-AS,6402
SURIGAO DEL SUR,SDS,LIANGA,1064,BANAHAO,6403
SURIGAO DEL SUR,SDS,LIANGA,1064,BAUCAWE,6404
SURIGAO DEL SUR,SDS,LIANGA,1064,DIATAGON,6405
SURIGAO DEL SUR,SDS,LIANGA,1064,GANAYON,6406
SURIGAO DEL SUR,SDS,LIANGA,1064,LIATIMCO,6407
SURIGAO DEL SUR,SDS,LIANGA,1064,MANYAYAY,6408
SURIGAO DEL SUR,SDS,LIANGA,1064,PAYASAN,6409
SURIGAO DEL SUR,SDS,LIANGA,1064,POBLACION,6410
SURIGAO DEL SUR,SDS,LIANGA,1064,SAINT CHRISTINE,6411
SURIGAO DEL SUR,SDS,LIANGA,1064,SAN ISIDRO,6412
SURIGAO DEL SUR,SDS,LIANGA,1064,SAN PEDRO,6413
SURIGAO DEL SUR,SDS,LINGIG,1065,ANIBONGAN,6501
SURIGAO DEL SUR,SDS,LINGIG,1065,BARCELONA,6502
SURIGAO DEL SUR,SDS,LINGIG,1065,BOGAK,6503
SURIGAO DEL SUR,SDS,LINGIG,1065,BONGAN,6504
SURIGAO DEL SUR,SDS,LINGIG,1065,HANDAMAYAN,6505
SURIGAO DEL SUR,SDS,LINGIG,1065,MAHAYAHAY,6506
SURIGAO DEL SUR,SDS,LINGIG,1065,MANDUS,6507
SURIGAO DEL SUR,SDS,LINGIG,1065,MANSA-ILAO,6508
SURIGAO DEL SUR,SDS,LINGIG,1065,PAGTILA-AN,6509
SURIGAO DEL SUR,SDS,LINGIG,1065,PALO ALTO,6510
SURIGAO DEL SUR,SDS,LINGIG,1065,POBLACION,6511
SURIGAO DEL SUR,SDS,LINGIG,1065,RAJAH CABUNGSO-AN,6512
SURIGAO DEL SUR,SDS,LINGIG,1065,SABANG,6513
SURIGAO DEL SUR,SDS,LINGIG,1065,SALVACION,6514
SURIGAO DEL SUR,SDS,LINGIG,1065,SAN ROQUE,6515
SURIGAO DEL SUR,SDS,LINGIG,1065,TAGPOPORAN,6516
SURIGAO DEL SUR,SDS,LINGIG,1065,UNION,6517
SURIGAO DEL SUR,SDS,LINGIG,1065,VALENCIA,6518
SURIGAO DEL SUR,SDS,MADRID,1066,BAGSAC,6601
SURIGAO DEL SUR,SDS,MADRID,1066,BAYOGO,6602
SURIGAO DEL SUR,SDS,MADRID,1066,LINIBONAN,6603
SURIGAO DEL SUR,SDS,MADRID,1066,MAGSAYSAY,6604
SURIGAO DEL SUR,SDS,MADRID,1066,MANGA,6605
SURIGAO DEL SUR,SDS,MADRID,1066,PANAYOGON,6606
SURIGAO DEL SUR,SDS,MADRID,1066,PATONG PATONG,6607
SURIGAO DEL SUR,SDS,MADRID,1066,QUIRINO (POB.),6608
SURIGAO DEL SUR,SDS,MADRID,1066,SAN ANTONIO,6609
SURIGAO DEL SUR,SDS,MADRID,1066,SAN JUAN,6610
SURIGAO DEL SUR,SDS,MADRID,1066,SAN ROQUE,6611
SURIGAO DEL SUR,SDS,MADRID,1066,SAN VICENTE,6612
SURIGAO DEL SUR,SDS,MADRID,1066,SONGKIT,6613
SURIGAO DEL SUR,SDS,MADRID,1066,UNION,6614
SURIGAO DEL SUR,SDS,MARIHATAG,1067,ALEGRIA,6701
SURIGAO DEL SUR,SDS,MARIHATAG,1067,AMONTAY,6702
SURIGAO DEL SUR,SDS,MARIHATAG,1067,ANTIPOLO,6703
SURIGAO DEL SUR,SDS,MARIHATAG,1067,AROROGAN,6704
SURIGAO DEL SUR,SDS,MARIHATAG,1067,BAYAN,6705
SURIGAO DEL SUR,SDS,MARIHATAG,1067,MAHABA,6706
SURIGAO DEL SUR,SDS,MARIHATAG,1067,MARARAG,6707
SURIGAO DEL SUR,SDS,MARIHATAG,1067,POBLACION,6708
SURIGAO DEL SUR,SDS,MARIHATAG,1067,SAN ANTONIO,6709
SURIGAO DEL SUR,SDS,MARIHATAG,1067,SAN ISIDRO,6710
SURIGAO DEL SUR,SDS,MARIHATAG,1067,SAN PEDRO,6711
SURIGAO DEL SUR,SDS,MARIHATAG,1067,SANTA CRUZ,6712
SURIGAO DEL SUR,SDS,SAN AGUSTIN,1068,BRETANIA,6801
SURIGAO DEL SUR,SDS,SAN AGUSTIN,1068,BUATONG,6802
SURIGAO DEL SUR,SDS,SAN AGUSTIN,1068,BUHISAN,6803
SURIGAO DEL SUR,SDS,SAN AGUSTIN,1068,GATA,6804
SURIGAO DEL SUR,SDS,SAN AGUSTIN,1068,HORNASAN,6805
SURIGAO DEL SUR,SDS,SAN AGUSTIN,1068,JANIPAAN,6806
SURIGAO DEL SUR,SDS,SAN AGUSTIN,1068,KAUSWAGAN,6807
SURIGAO DEL SUR,SDS,SAN AGUSTIN,1068,OTEIZA,6808
SURIGAO DEL SUR,SDS,SAN AGUSTIN,1068,POBLACION,6809
SURIGAO DEL SUR,SDS,SAN AGUSTIN,1068,PONG-ON,6810
SURIGAO DEL SUR,SDS,SAN AGUSTIN,1068,PONGTOD,6811
SURIGAO DEL SUR,SDS,SAN AGUSTIN,1068,SALVACION,6812
SURIGAO DEL SUR,SDS,SAN AGUSTIN,1068,SANTO NIÃ‘O,6813
SURIGAO DEL SUR,SDS,SAN MIGUEL,1069,BAGYANG,6901
SURIGAO DEL SUR,SDS,SAN MIGUEL,1069,BARAS,6902
SURIGAO DEL SUR,SDS,SAN MIGUEL,1069,BITAUGAN,6903
SURIGAO DEL SUR,SDS,SAN MIGUEL,1069,BOLHOON,6904
SURIGAO DEL SUR,SDS,SAN MIGUEL,1069,CALATNGAN,6905
SURIGAO DEL SUR,SDS,SAN MIGUEL,1069,CARROMATA,6906
SURIGAO DEL SUR,SDS,SAN MIGUEL,1069,CASTILLO,6907
SURIGAO DEL SUR,SDS,SAN MIGUEL,1069,LIBAS GUA,6908
SURIGAO DEL SUR,SDS,SAN MIGUEL,1069,LIBAS SUD,6909
SURIGAO DEL SUR,SDS,SAN MIGUEL,1069,MAGROYONG,6910
SURIGAO DEL SUR,SDS,SAN MIGUEL,1069,MAHAYAG (MAITUM),6911
SURIGAO DEL SUR,SDS,SAN MIGUEL,1069,PATONG,6912
SURIGAO DEL SUR,SDS,SAN MIGUEL,1069,POBLACION,6913
SURIGAO DEL SUR,SDS,SAN MIGUEL,1069,SAGBAYAN,6914
SURIGAO DEL SUR,SDS,SAN MIGUEL,1069,SAN ROQUE,6915
SURIGAO DEL SUR,SDS,SAN MIGUEL,1069,SIAGAO,6916
SURIGAO DEL SUR,SDS,SAN MIGUEL,1069,TINA,6917
SURIGAO DEL SUR,SDS,SAN MIGUEL,1069,UMALAG,6918
SURIGAO DEL SUR,SDS,TAGBINA,1070,BATUNAN,7001
SURIGAO DEL SUR,SDS,TAGBINA,1070,CARPENITO,7002
SURIGAO DEL SUR,SDS,TAGBINA,1070,DOÃ‘A CARMEN,7003
SURIGAO DEL SUR,SDS,TAGBINA,1070,HINAGDANAN,7004
SURIGAO DEL SUR,SDS,TAGBINA,1070,KAHAYAGAN,7005
SURIGAO DEL SUR,SDS,TAGBINA,1070,LAGO,7006
SURIGAO DEL SUR,SDS,TAGBINA,1070,MAGLAMBING,7007
SURIGAO DEL SUR,SDS,TAGBINA,1070,MAGLATAB,7008
SURIGAO DEL SUR,SDS,TAGBINA,1070,MAGSAYSAY,7009
SURIGAO DEL SUR,SDS,TAGBINA,1070,MALIXI,7010
SURIGAO DEL SUR,SDS,TAGBINA,1070,MANAMBIA,7011
SURIGAO DEL SUR,SDS,TAGBINA,1070,OSMEÃ‘A,7012
SURIGAO DEL SUR,SDS,TAGBINA,1070,POBLACION,7013
SURIGAO DEL SUR,SDS,TAGBINA,1070,QUEZON,7014
SURIGAO DEL SUR,SDS,TAGBINA,1070,SAN VICENTE,7015
SURIGAO DEL SUR,SDS,TAGBINA,1070,SANTA CRUZ,7016
SURIGAO DEL SUR,SDS,TAGBINA,1070,SANTA FE,7017
SURIGAO DEL SUR,SDS,TAGBINA,1070,SANTA JUANA,7018
SURIGAO DEL SUR,SDS,TAGBINA,1070,SANTA MARIA,7019
SURIGAO DEL SUR,SDS,TAGBINA,1070,SAYON,7020
SURIGAO DEL SUR,SDS,TAGBINA,1070,SORIANO,7021
SURIGAO DEL SUR,SDS,TAGBINA,1070,TAGONGON,7022
SURIGAO DEL SUR,SDS,TAGBINA,1070,TRINIDAD,7023
SURIGAO DEL SUR,SDS,TAGBINA,1070,UGOBAN,7024
SURIGAO DEL SUR,SDS,TAGBINA,1070,VILLAVERDE,7025
SURIGAO DEL SUR,SDS,TAGO,1071,ALBA,7101
SURIGAO DEL SUR,SDS,TAGO,1071,ANAHAO BAG-O,7102
SURIGAO DEL SUR,SDS,TAGO,1071,ANAHAO DAAN,7103
SURIGAO DEL SUR,SDS,TAGO,1071,BADONG,7104
SURIGAO DEL SUR,SDS,TAGO,1071,BAJAO,7105
SURIGAO DEL SUR,SDS,TAGO,1071,BANGSUD,7106
SURIGAO DEL SUR,SDS,TAGO,1071,CABANGAHAN,7107
SURIGAO DEL SUR,SDS,TAGO,1071,CAGDAPAO,7108
SURIGAO DEL SUR,SDS,TAGO,1071,CAMAGONG,7109
SURIGAO DEL SUR,SDS,TAGO,1071,CARAS-AN,7110
SURIGAO DEL SUR,SDS,TAGO,1071,CAYALE,7111
SURIGAO DEL SUR,SDS,TAGO,1071,DAYO-AN,7112
SURIGAO DEL SUR,SDS,TAGO,1071,GAMUT,7113
SURIGAO DEL SUR,SDS,TAGO,1071,JUBANG,7114
SURIGAO DEL SUR,SDS,TAGO,1071,KINABIGTASAN,7115
SURIGAO DEL SUR,SDS,TAGO,1071,LAYOG,7116
SURIGAO DEL SUR,SDS,TAGO,1071,LINDOY,7117
SURIGAO DEL SUR,SDS,TAGO,1071,MERCEDES,7118
SURIGAO DEL SUR,SDS,TAGO,1071,PURISIMA (POB.),7119
SURIGAO DEL SUR,SDS,TAGO,1071,SUMO-SUMO,7120
SURIGAO DEL SUR,SDS,TAGO,1071,UMBAY,7121
SURIGAO DEL SUR,SDS,TAGO,1071,UNABAN,7122
SURIGAO DEL SUR,SDS,TAGO,1071,UNIDOS,7123
SURIGAO DEL SUR,SDS,TAGO,1071,VICTORIA,7124
SURIGAO DEL SUR,SDS,TANDAG CITY,1072,AWASIAN,7201
SURIGAO DEL SUR,SDS,TANDAG CITY,1072,BAGONG LUNGSOD (POB.),7202
SURIGAO DEL SUR,SDS,TANDAG CITY,1072,BIOTO,7203
SURIGAO DEL SUR,SDS,TANDAG CITY,1072,BONGTOD POB. (EAST WEST),7204
SURIGAO DEL SUR,SDS,TANDAG CITY,1072,BUENAVISTA,7205
SURIGAO DEL SUR,SDS,TANDAG CITY,1072,DAGOCDOC (POB.),7206
SURIGAO DEL SUR,SDS,TANDAG CITY,1072,MABUA,7207
SURIGAO DEL SUR,SDS,TANDAG CITY,1072,MABUHAY,7208
SURIGAO DEL SUR,SDS,TANDAG CITY,1072,MAITUM,7209
SURIGAO DEL SUR,SDS,TANDAG CITY,1072,MATICDUM,7210
SURIGAO DEL SUR,SDS,TANDAG CITY,1072,PANDANON,7211
SURIGAO DEL SUR,SDS,TANDAG CITY,1072,PANGI,7212
SURIGAO DEL SUR,SDS,TANDAG CITY,1072,QUEZON,7213
SURIGAO DEL SUR,SDS,TANDAG CITY,1072,ROSARIO,7214
SURIGAO DEL SUR,SDS,TANDAG CITY,1072,SALVACION,7215
SURIGAO DEL SUR,SDS,TANDAG CITY,1072,SAN AGUSTIN NORTE,7216
SURIGAO DEL SUR,SDS,TANDAG CITY,1072,SAN AGUSTIN SUR,7217
SURIGAO DEL SUR,SDS,TANDAG CITY,1072,SAN ANTONIO,7218
SURIGAO DEL SUR,SDS,TANDAG CITY,1072,SAN ISIDRO,7219
SURIGAO DEL SUR,SDS,TANDAG CITY,1072,SAN JOSE,7220
SURIGAO DEL SUR,SDS,TANDAG CITY,1072,TELAJE,7221
